date,session_key,meeting_key,driver_number,pit_duration,lap_number
2023-06-04T13:05:22.607000+00:00,9102,1211,4,37.7,1.0
2023-06-04T13:10:42.773000+00:00,9102,1211,77,23.6,5.0
2023-06-04T13:14:44.785000+00:00,9102,1211,27,22.2,8.0
2023-06-04T13:16:02.690000+00:00,9102,1211,24,23.4,9.0
2023-06-04T13:16:07.674000+00:00,9102,1211,21,22.5,9.0
2023-06-04T13:17:23.938000+00:00,9102,1211,22,22.1,10.0
2023-06-04T13:17:29.391000+00:00,9102,1211,20,22.1,10.0
2023-06-04T13:21:24.402000+00:00,9102,1211,31,22.1,13.0
2023-06-04T13:22:41.917000+00:00,9102,1211,18,22.3,14.0
2023-06-04T13:23:56.212000+00:00,9102,1211,55,22.3,15.0
2023-06-04T13:25:39.726000+00:00,9102,1211,16,21.7,16.0
2023-06-04T13:25:48.070000+00:00,9102,1211,23,23.3,16.0
2023-06-04T13:26:55.740000+00:00,9102,1211,81,22.3,17.0
2023-06-04T13:27:13.177000+00:00,9102,1211,2,22.5,17.0
2023-06-04T13:29:32.284000+00:00,9102,1211,14,22.5,19.0
2023-06-04T13:29:42.394000+00:00,9102,1211,10,23.3,19.0
2023-06-04T13:34:13.936000+00:00,9102,1211,4,22.8,22.0
2023-06-04T13:36:00.934000+00:00,9102,1211,44,22.5,24.0
2023-06-04T13:36:51.636000+00:00,9102,1211,20,24.8,24.0
2023-06-04T13:37:30.510000+00:00,9102,1211,63,22.2,25.0
2023-06-04T13:38:29.056000+00:00,9102,1211,1,22.2,26.0
2023-06-04T13:39:27.836000+00:00,9102,1211,27,23.2,26.0
2023-06-04T13:40:19.241000+00:00,9102,1211,11,21.7,27.0
2023-06-04T13:49:58.247000+00:00,9102,1211,18,23.3,34.0
2023-06-04T13:50:01.059000+00:00,9102,1211,22,22.0,34.0
2023-06-04T13:51:21.730000+00:00,9102,1211,31,24.1,35.0
2023-06-04T13:52:48.775000+00:00,9102,1211,24,22.8,36.0
2023-06-04T13:53:18.056000+00:00,9102,1211,2,23.8,36.0
2023-06-04T13:54:36.804000+00:00,9102,1211,23,23.4,37.0
2023-06-04T13:55:39.834000+00:00,9102,1211,21,21.9,38.0
2023-06-04T13:56:52.146000+00:00,9102,1211,81,22.8,39.0
2023-06-04T13:56:54.067000+00:00,9102,1211,10,23.6,39.0
2023-06-04T13:57:22.504000+00:00,9102,1211,77,24.0,39.0
2023-06-04T13:59:09.768000+00:00,9102,1211,55,22.3,41.0
2023-06-04T13:59:36.752000+00:00,9102,1211,16,23.0,41.0
2023-06-04T14:01:22.406000+00:00,9102,1211,20,22.2,42.0
2023-06-04T14:02:29.968000+00:00,9102,1211,27,24.4,43.0
2023-06-04T14:03:24.420000+00:00,9102,1211,14,22.8,44.0
2023-06-04T14:04:20.497000+00:00,9102,1211,63,22.0,45.0
2023-06-04T14:10:45.927000+00:00,9102,1211,44,22.7,50.0
2023-06-04T14:11:04.287000+00:00,9102,1211,11,21.5,50.0
2023-06-04T14:12:02.129000+00:00,9102,1211,4,22.0,50.0
2023-06-04T14:13:07.441000+00:00,9102,1211,1,22.3,52.0
2023-06-18T18:04:56.528000+00:00,9110,1212,22,23.6,1.0
2023-06-18T18:17:04.109000+00:00,9110,1212,10,27.5,10.0
2023-06-18T18:18:16.186000+00:00,9110,1212,27,24.8,11.0
2023-06-18T18:18:17.999000+00:00,9110,1212,18,23.7,11.0
2023-06-18T18:18:21.467000+00:00,9110,1212,21,24.9,11.0
2023-06-18T18:19:13.935000+00:00,9110,1212,1,23.6,12.0
2023-06-18T18:19:24.482000+00:00,9110,1212,44,24.3,12.0
2023-06-18T18:19:25.014000+00:00,9110,1212,14,24.0,12.0
2023-06-18T18:19:37.606000+00:00,9110,1212,31,24.4,12.0
2023-06-18T18:19:41.653000+00:00,9110,1212,81,24.8,12.0
2023-06-18T18:19:50.356000+00:00,9110,1212,4,25.8,12.0
2023-06-18T18:19:50.684000+00:00,9110,1212,23,25.0,12.0
2023-06-18T18:19:55.606000+00:00,9110,1212,24,24.1,12.0
2023-06-18T18:21:25.245000+00:00,9110,1212,63,88.9,12.0
2023-06-18T18:42:47.254000+00:00,9110,1212,18,23.8,27.0
2023-06-18T18:48:01.826000+00:00,9110,1212,27,24.2,31.0
2023-06-18T18:49:22.997000+00:00,9110,1212,24,27.5,32.0
2023-06-18T18:50:39.183000+00:00,9110,1212,10,24.1,33.0
2023-06-18T18:51:59.213000+00:00,9110,1212,22,27.5,34.0
2023-06-18T18:53:06.212000+00:00,9110,1212,4,23.5,35.0
2023-06-18T18:53:59.883000+00:00,9110,1212,20,24.9,35.0
2023-06-18T18:54:20.679000+00:00,9110,1212,31,23.6,36.0
2023-06-18T18:54:23.367000+00:00,9110,1212,77,24.0,36.0
2023-06-18T18:55:29.865000+00:00,9110,1212,11,23.2,37.0
2023-06-18T18:55:45.818000+00:00,9110,1212,81,23.4,37.0
2023-06-18T18:56:41.458000+00:00,9110,1212,55,24.1,38.0
2023-06-18T18:57:57.238000+00:00,9110,1212,16,24.3,39.0
2023-06-18T18:59:10.596000+00:00,9110,1212,44,23.7,40.0
2023-06-18T19:00:23.204000+00:00,9110,1212,14,23.9,41.0
2023-06-18T19:01:35+00:00,9110,1212,1,23.9,42.0
2023-06-18T19:13:54.658000+00:00,9110,1212,21,23.7,50.0
2023-06-18T19:17:43.092000+00:00,9110,1212,20,24.5,53.0
2023-06-18T19:35:21.042000+00:00,9110,1212,11,23.2,68.0
2023-07-02T13:04:43.005000+00:00,9118,1213,20,26.5,1.0
2023-07-02T13:05:01.224000+00:00,9118,1213,22,29.6,1.0
2023-07-02T13:06:14.582000+00:00,9118,1213,1,16.3,2.0
2023-07-02T13:06:16.238000+00:00,9118,1213,16,16.3,2.0
2023-07-02T13:06:17.863000+00:00,9118,1213,55,16.3,2.0
2023-07-02T13:06:20.738000+00:00,9118,1213,44,16.4,2.0
2023-07-02T13:06:23.691000+00:00,9118,1213,4,18.0,2.0
2023-07-02T13:06:25.347000+00:00,9118,1213,14,16.6,2.0
2023-07-02T13:06:26.707000+00:00,9118,1213,27,16.7,2.0
2023-07-02T13:06:28.160000+00:00,9118,1213,18,16.6,2.0
2023-07-02T13:06:29.488000+00:00,9118,1213,10,16.3,2.0
2023-07-02T13:06:31.050000+00:00,9118,1213,23,16.7,2.0
2023-07-02T13:06:36.097000+00:00,9118,1213,63,17.9,2.0
2023-07-02T13:06:37.675000+00:00,9118,1213,31,18.1,2.0
2023-07-02T13:06:38.706000+00:00,9118,1213,11,17.4,2.0
2023-07-02T13:06:40.534000+00:00,9118,1213,24,17.4,2.0
2023-07-02T13:06:41.269000+00:00,9118,1213,81,17.3,2.0
2023-07-02T13:06:42.800000+00:00,9118,1213,2,17.3,2.0
2023-07-02T13:06:44.597000+00:00,9118,1213,77,17.1,2.0
2023-07-02T13:06:45.707000+00:00,9118,1213,21,17.0,2.0
2023-07-02T13:06:50.097000+00:00,9118,1213,22,16.2,2.0
2023-07-02T13:06:57.519000+00:00,9118,1213,20,25.6,2.0
2023-07-02T13:14:34.839000+00:00,9118,1213,24,24.3,8.0
2023-07-02T13:18:03.819000+00:00,9118,1213,27,21.8,11.0
2023-07-02T13:19:23.521000+00:00,9118,1213,21,21.3,12.0
2023-07-02T13:21:33.050000+00:00,9118,1213,44,21.9,14.0
2023-07-02T13:21:34.425000+00:00,9118,1213,4,21.2,14.0
2023-07-02T13:21:42.472000+00:00,9118,1213,10,21.8,14.0
2023-07-02T13:21:44.846000+00:00,9118,1213,23,21.5,14.0
2023-07-02T13:21:46.206000+00:00,9118,1213,63,22.2,14.0
2023-07-02T13:21:49.221000+00:00,9118,1213,31,22.0,14.0
2023-07-02T13:21:50.378000+00:00,9118,1213,81,22.4,14.0
2023-07-02T13:21:55.831000+00:00,9118,1213,2,23.1,14.0
2023-07-02T13:23:00.314000+00:00,9118,1213,16,23.4,15.0
2023-07-02T13:23:08.314000+00:00,9118,1213,55,26.2,15.0
2023-07-02T13:23:11.501000+00:00,9118,1213,14,22.3,15.0
2023-07-02T13:23:19.298000+00:00,9118,1213,18,24.3,15.0
2023-07-02T13:30:59.930000+00:00,9118,1213,77,31.7,21.0
2023-07-02T13:32:10.351000+00:00,9118,1213,81,29.9,22.0
2023-07-02T13:33:18.069000+00:00,9118,1213,22,27.2,23.0
2023-07-02T13:33:35.443000+00:00,9118,1213,1,21.3,24.0
2023-07-02T13:35:09.988000+00:00,9118,1213,11,21.6,25.0
2023-07-02T13:46:31.476000+00:00,9118,1213,20,22.2,34.0
2023-07-02T13:48:33.021000+00:00,9118,1213,18,22.0,36.0
2023-07-02T13:50:02.972000+00:00,9118,1213,21,21.0,37.0
2023-07-02T13:51:11.206000+00:00,9118,1213,24,21.9,38.0
2023-07-02T13:53:26.781000+00:00,9118,1213,31,30.4,40.0
2023-07-02T13:53:44.797000+00:00,9118,1213,77,21.9,40.0
2023-07-02T13:54:01.562000+00:00,9118,1213,4,22.0,41.0
2023-07-02T13:54:19.468000+00:00,9118,1213,63,21.7,41.0
2023-07-02T13:54:32.593000+00:00,9118,1213,23,27.6,41.0
2023-07-02T13:54:59.592000+00:00,9118,1213,81,22.3,41.0
2023-07-02T13:55:18.873000+00:00,9118,1213,44,27.7,42.0
2023-07-02T13:57:02.277000+00:00,9118,1213,2,21.5,43.0
2023-07-02T13:57:18.496000+00:00,9118,1213,22,21.3,43.0
2023-07-02T13:57:37.886000+00:00,9118,1213,14,21.9,44.0
2023-07-02T13:57:58.776000+00:00,9118,1213,10,27.8,44.0
2023-07-02T13:58:39.385000+00:00,9118,1213,55,28.5,45.0
2023-07-02T14:00:48.336000+00:00,9118,1213,16,21.4,47.0
2023-07-02T14:02:53.490000+00:00,9118,1213,1,21.6,49.0
2023-07-02T14:04:28.879000+00:00,9118,1213,11,21.2,50.0
2023-07-02T14:09:50.842000+00:00,9118,1213,18,21.8,54.0
2023-07-02T14:26:05.356000+00:00,9118,1213,1,21.3,69.0
2023-07-09T14:14:59.362000+00:00,9126,1214,27,41.9,7.0
2023-07-09T14:25:44.273000+00:00,9126,1214,22,28.3,14.0
2023-07-09T14:31:37.391000+00:00,9126,1214,16,28.2,18.0
2023-07-09T14:41:26.225000+00:00,9126,1214,24,29.1,24.0
2023-07-09T14:44:05.366000+00:00,9126,1214,55,28.8,26.0
2023-07-09T14:46:03.349000+00:00,9126,1214,21,28.2,27.0
2023-07-09T14:47:07.832000+00:00,9126,1214,63,29.4,28.0
2023-07-09T14:47:18.879000+00:00,9126,1214,11,28.0,28.0
2023-07-09T14:48:34.502000+00:00,9126,1214,81,28.6,29.0
2023-07-09T14:49:06.924000+00:00,9126,1214,2,28.8,29.0
2023-07-09T14:51:59.061000+00:00,9126,1214,10,28.4,31.0
2023-07-09T14:52:09.014000+00:00,9126,1214,18,28.5,31.0
2023-07-09T14:53:40.184000+00:00,9126,1214,23,29.6,32.0
2023-07-09T14:53:40.559000+00:00,9126,1214,16,28.8,32.0
2023-07-09T14:54:08.949000+00:00,9126,1214,77,29.6,32.0
2023-07-09T14:54:17.418000+00:00,9126,1214,22,28.6,32.0
2023-07-09T14:54:24.543000+00:00,9126,1214,21,28.4,32.0
2023-07-09T14:54:41.464000+00:00,9126,1214,27,30.0,32.0
2023-07-09T14:54:58.871000+00:00,9126,1214,1,29.0,33.0
2023-07-09T14:55:12.183000+00:00,9126,1214,4,28.4,33.0
2023-07-09T14:55:27.761000+00:00,9126,1214,44,29.1,33.0
2023-07-09T14:55:38.635000+00:00,9126,1214,14,28.6,33.0
2023-07-09T14:56:37.462000+00:00,9126,1214,24,28.7,33.0
2023-07-09T15:03:13.908000+00:00,9126,1214,24,34.3,36.0
2023-07-23T13:15:10.245000+00:00,9133,1215,23,22.0,8.0
2023-07-23T13:16:32.384000+00:00,9133,1215,18,21.9,9.0
2023-07-23T13:16:34.056000+00:00,9133,1215,77,22.1,9.0
2023-07-23T13:16:37.321000+00:00,9133,1215,22,26.1,9.0
2023-07-23T13:18:10.351000+00:00,9133,1215,24,29.2,10.0
2023-07-23T13:22:23.628000+00:00,9133,1215,2,24.0,13.0
2023-07-23T13:23:47.501000+00:00,9133,1215,20,22.7,14.0
2023-07-23T13:24:58.984000+00:00,9133,1215,55,21.4,15.0
2023-07-23T13:26:18.452000+00:00,9133,1215,44,21.9,16.0
2023-07-23T13:26:34.904000+00:00,9133,1215,27,22.9,16.0
2023-07-23T13:27:38.903000+00:00,9133,1215,4,21.5,17.0
2023-07-23T13:27:52.778000+00:00,9133,1215,16,28.4,17.0
2023-07-23T13:29:01.402000+00:00,9133,1215,81,21.1,18.0
2023-07-23T13:29:32.901000+00:00,9133,1215,3,21.9,18.0
2023-07-23T13:32:09.852000+00:00,9133,1215,14,22.9,20.0
2023-07-23T13:35:54.223000+00:00,9133,1215,1,21.4,23.0
2023-07-23T13:37:42.736000+00:00,9133,1215,11,21.8,24.0
2023-07-23T13:43:43.095000+00:00,9133,1215,63,21.8,28.0
2023-07-23T13:45:35.625000+00:00,9133,1215,3,22.2,29.0
2023-07-23T13:48:16.247000+00:00,9133,1215,23,21.7,31.0
2023-07-23T13:52:25.274000+00:00,9133,1215,18,22.4,34.0
2023-07-23T13:52:46.773000+00:00,9133,1215,2,22.1,34.0
2023-07-23T13:58:20.720000+00:00,9133,1215,27,21.9,38.0
2023-07-23T13:58:26.142000+00:00,9133,1215,24,22.8,38.0
2023-07-23T14:01:02.843000+00:00,9133,1215,77,23.2,40.0
2023-07-23T14:02:55.184000+00:00,9133,1215,20,22.1,41.0
2023-07-23T14:03:10.559000+00:00,9133,1215,81,22.0,42.0
2023-07-23T14:03:12.700000+00:00,9133,1215,11,20.8,42.0
2023-07-23T14:04:53.776000+00:00,9133,1215,16,21.4,43.0
2023-07-23T14:05:04.463000+00:00,9133,1215,14,24.1,43.0
2023-07-23T14:05:50.087000+00:00,9133,1215,4,21.4,44.0
2023-07-23T14:06:18.603000+00:00,9133,1215,55,22.0,44.0
2023-07-23T14:06:55.477000+00:00,9133,1215,22,21.1,44.0
2023-07-23T14:09:11.959000+00:00,9133,1215,63,21.6,46.0
2023-07-23T14:13:04.017000+00:00,9133,1215,44,21.7,49.0
2023-07-23T14:15:15.906000+00:00,9133,1215,1,21.6,51.0
2023-07-30T13:13:52.872000+00:00,9141,1216,4,25.0,5.0
2023-07-30T13:13:54.732000+00:00,9141,1216,3,22.8,5.0
2023-07-30T13:13:54.872000+00:00,9141,1216,20,23.6,5.0
2023-07-30T13:15:47.371000+00:00,9141,1216,31,23.0,6.0
2023-07-30T13:15:48.574000+00:00,9141,1216,77,23.3,6.0
2023-07-30T13:17:39.917000+00:00,9141,1216,23,25.0,7.0
2023-07-30T13:17:44.135000+00:00,9141,1216,55,23.3,7.0
2023-07-30T13:17:46.151000+00:00,9141,1216,24,24.4,7.0
2023-07-30T13:19:38.525000+00:00,9141,1216,2,23.5,8.0
2023-07-30T13:21:22.102000+00:00,9141,1216,22,22.6,9.0
2023-07-30T13:23:11.944000+00:00,9141,1216,14,23.0,10.0
2023-07-30T13:26:50.911000+00:00,9141,1216,44,23.0,12.0
2023-07-30T13:27:21.129000+00:00,9141,1216,27,24.5,12.0
2023-07-30T13:28:34.034000+00:00,9141,1216,11,23.6,13.0
2023-07-30T13:28:39.784000+00:00,9141,1216,16,23.2,13.0
2023-07-30T13:30:28.299000+00:00,9141,1216,1,22.8,14.0
2023-07-30T13:37:01.638000+00:00,9141,1216,4,23.7,17.0
2023-07-30T13:42:38.463000+00:00,9141,1216,18,25.3,20.0
2023-07-30T13:46:24.960000+00:00,9141,1216,63,23.8,22.0
2023-07-30T13:46:42.507000+00:00,9141,1216,3,23.2,22.0
2023-07-30T13:48:26.459000+00:00,9141,1216,23,23.5,23.0
2023-07-30T13:48:26.709000+00:00,9141,1216,10,25.6,23.0
2023-07-30T13:50:15.661000+00:00,9141,1216,22,22.7,24.0
2023-07-30T13:50:26.723000+00:00,9141,1216,77,23.7,24.0
2023-07-30T13:50:29.661000+00:00,9141,1216,27,25.2,24.0
2023-07-30T13:50:34.082000+00:00,9141,1216,2,23.9,24.0
2023-07-30T13:52:14.362000+00:00,9141,1216,31,23.3,25.0
2023-07-30T13:52:19.066000+00:00,9141,1216,20,23.5,25.0
2023-07-30T13:52:25.862000+00:00,9141,1216,24,24.0,25.0
2023-07-30T13:55:23.423000+00:00,9141,1216,44,23.0,27.0
2023-07-30T13:57:11.766000+00:00,9141,1216,16,23.1,28.0
2023-07-30T13:58:57.311000+00:00,9141,1216,11,22.7,29.0
2023-07-30T13:59:25.733000+00:00,9141,1216,14,23.7,29.0
2023-07-30T14:00:39.544000+00:00,9141,1216,1,23.0,30.0
2023-07-30T14:07:30.446000+00:00,9141,1216,23,23.5,33.0
2023-07-30T14:09:33.023000+00:00,9141,1216,2,23.1,34.0
2023-07-30T14:23:28.733000+00:00,9141,1216,44,23.1,42.0
2023-08-27T13:05:06.440000+00:00,9149,1217,11,22.6,1.0
2023-08-27T13:05:12.596000+00:00,9149,1217,24,23.0,1.0
2023-08-27T13:05:16.565000+00:00,9149,1217,10,28.4,1.0
2023-08-27T13:05:19.518000+00:00,9149,1217,16,32.6,1.0
2023-08-27T13:05:23.252000+00:00,9149,1217,22,32.3,1.0
2023-08-27T13:05:27.440000+00:00,9149,1217,20,31.3,1.0
2023-08-27T13:05:36.987000+00:00,9149,1217,40,42.6,1.0
2023-08-27T13:06:45.985000+00:00,9149,1217,1,20.3,2.0
2023-08-27T13:06:47.579000+00:00,9149,1217,14,20.6,2.0
2023-08-27T13:06:52.766000+00:00,9149,1217,55,20.9,2.0
2023-08-27T13:07:02.688000+00:00,9149,1217,31,22.5,2.0
2023-08-27T13:08:39.468000+00:00,9149,1217,4,20.1,3.0
2023-08-27T13:08:56.514000+00:00,9149,1217,44,20.2,3.0
2023-08-27T13:10:22.356000+00:00,9149,1217,63,21.2,4.0
2023-08-27T13:10:37.481000+00:00,9149,1217,18,20.0,4.0
2023-08-27T13:17:20.068000+00:00,9149,1217,20,20.1,9.0
2023-08-27T13:17:47.286000+00:00,9149,1217,44,19.9,9.0
2023-08-27T13:18:05.598000+00:00,9149,1217,18,20.2,9.0
2023-08-27T13:18:29.723000+00:00,9149,1217,24,20.2,10.0
2023-08-27T13:18:31.192000+00:00,9149,1217,14,20.1,10.0
2023-08-27T13:18:36.504000+00:00,9149,1217,55,19.5,10.0
2023-08-27T13:18:44.129000+00:00,9149,1217,22,18.9,10.0
2023-08-27T13:18:47.066000+00:00,9149,1217,31,19.7,10.0
2023-08-27T13:18:54.488000+00:00,9149,1217,4,20.3,10.0
2023-08-27T13:19:09.253000+00:00,9149,1217,40,30.8,10.0
2023-08-27T13:19:16.410000+00:00,9149,1217,63,20.1,10.0
2023-08-27T13:19:44.190000+00:00,9149,1217,1,19.2,11.0
2023-08-27T13:19:54.034000+00:00,9149,1217,10,19.5,11.0
2023-08-27T13:20:14.346000+00:00,9149,1217,16,27.2,11.0
2023-08-27T13:21:06.845000+00:00,9149,1217,11,19.4,12.0
2023-08-27T13:25:37.934000+00:00,9149,1217,81,18.9,15.0
2023-08-27T13:27:29.916000+00:00,9149,1217,77,20.1,16.0
2023-08-27T13:27:31.229000+00:00,9149,1217,27,20.4,16.0
2023-08-27T13:27:51.057000+00:00,9149,1217,63,19.6,16.0
2023-08-27T13:28:13.650000+00:00,9149,1217,18,19.6,16.0
2023-08-27T13:29:42.539000+00:00,9149,1217,40,19.6,17.0
2023-08-27T13:53:58.873000+00:00,9149,1217,18,19.9,34.0
2023-08-27T13:55:09.153000+00:00,9149,1217,20,20.5,35.0
2023-08-27T13:57:40.728000+00:00,9149,1217,24,20.4,37.0
2023-08-27T14:02:27.004000+00:00,9149,1217,55,19.3,41.0
2023-08-27T14:03:56.940000+00:00,9149,1217,4,18.8,42.0
2023-08-27T14:05:09.704000+00:00,9149,1217,31,19.0,43.0
2023-08-27T14:06:21.547000+00:00,9149,1217,23,19.6,44.0
2023-08-27T14:07:17.874000+00:00,9149,1217,11,18.7,45.0
2023-08-27T14:07:46.827000+00:00,9149,1217,44,19.3,45.0
2023-08-27T14:08:47.607000+00:00,9149,1217,10,25.4,46.0
2023-08-27T14:09:05.747000+00:00,9149,1217,81,19.1,46.0
2023-08-27T14:09:28.965000+00:00,9149,1217,40,19.1,46.0
2023-08-27T14:10:38.230000+00:00,9149,1217,77,20.2,47.0
2023-08-27T14:11:16.807000+00:00,9149,1217,14,25.1,48.0
2023-08-27T14:11:51.900000+00:00,9149,1217,27,19.7,48.0
2023-08-27T14:12:11.416000+00:00,9149,1217,1,18.7,49.0
2023-08-27T14:26:05.432000+00:00,9149,1217,77,19.7,59.0
2023-08-27T14:26:08.760000+00:00,9149,1217,40,19.3,59.0
2023-08-27T14:26:28.650000+00:00,9149,1217,11,27.5,60.0
2023-08-27T14:26:42.119000+00:00,9149,1217,10,20.4,60.0
2023-08-27T14:26:43.384000+00:00,9149,1217,55,19.8,60.0
2023-08-27T14:26:51.822000+00:00,9149,1217,44,20.7,60.0
2023-08-27T14:26:55.759000+00:00,9149,1217,4,19.8,60.0
2023-08-27T14:26:58.603000+00:00,9149,1217,63,24.0,60.0
2023-08-27T14:27:03.572000+00:00,9149,1217,81,22.3,60.0
2023-08-27T14:27:11.837000+00:00,9149,1217,22,20.6,60.0
2023-08-27T14:27:15.899000+00:00,9149,1217,24,21.4,60.0
2023-08-27T14:27:20.165000+00:00,9149,1217,18,21.5,60.0
2023-08-27T14:27:22.821000+00:00,9149,1217,27,23.5,60.0
2023-08-27T14:27:30.852000+00:00,9149,1217,1,19.4,61.0
2023-08-27T14:27:33.274000+00:00,9149,1217,20,23.5,60.0
2023-08-27T14:27:56.493000+00:00,9149,1217,14,20.6,61.0
2023-08-27T14:28:18.914000+00:00,9149,1217,23,21.3,61.0
2023-08-27T14:28:25.758000+00:00,9149,1217,31,22.0,61.0
2023-08-27T14:30:47.349000+00:00,9149,1217,1,20.4,63.0
2023-08-27T15:12:06.164000+00:00,9149,1217,11,2461.6,63.0
2023-08-27T15:12:12.539000+00:00,9149,1217,4,2443.2,63.0
2023-08-27T15:12:18.554000+00:00,9149,1217,63,2446.2,63.0
2023-08-27T15:12:21.820000+00:00,9149,1217,23,2443.4,63.0
2023-08-27T15:12:24.242000+00:00,9149,1217,81,2434.6,63.0
2023-08-27T15:12:25.992000+00:00,9149,1217,31,2432.2,63.0
2023-08-27T15:12:29.304000+00:00,9149,1217,22,2414.8,63.0
2023-08-27T15:12:31.914000+00:00,9149,1217,18,2410.7,63.0
2023-08-27T15:12:33.789000+00:00,9149,1217,27,2410.7,63.0
2023-08-27T15:12:35.367000+00:00,9149,1217,77,2405.1,63.0
2023-08-27T15:12:40.054000+00:00,9149,1217,40,2396.3,63.0
2023-08-27T15:12:43.601000+00:00,9149,1217,20,2394.7,63.0
2023-08-27T15:14:14.599000+00:00,9149,1217,1,2483.3,64.0
2023-08-27T15:14:17.943000+00:00,9149,1217,14,2455.3,64.0
2023-08-27T15:14:22.318000+00:00,9149,1217,11,35.5,64.0
2023-08-27T15:14:23.771000+00:00,9149,1217,10,2443.1,64.0
2023-08-27T15:14:28.224000+00:00,9149,1217,55,2443.1,64.0
2023-08-27T15:14:31.490000+00:00,9149,1217,44,2431.1,64.0
2023-08-27T15:14:33.974000+00:00,9149,1217,4,44.2,64.0
2023-08-27T15:14:39.849000+00:00,9149,1217,63,39.8,64.0
2023-08-27T15:14:42.474000+00:00,9149,1217,23,39.2,64.0
2023-08-27T15:14:45.818000+00:00,9149,1217,81,38.4,64.0
2023-08-27T15:14:47.396000+00:00,9149,1217,31,37.0,64.0
2023-08-27T15:14:49.646000+00:00,9149,1217,22,34.9,64.0
2023-08-27T15:14:51.458000+00:00,9149,1217,18,33.5,64.0
2023-08-27T15:14:53.239000+00:00,9149,1217,27,32.8,64.0
2023-08-27T15:14:55.083000+00:00,9149,1217,77,32.5,64.0
2023-08-27T15:14:59.661000+00:00,9149,1217,40,31.3,64.0
2023-08-27T15:15:02.755000+00:00,9149,1217,20,30.6,64.0
2023-08-27T15:21:14.482000+00:00,9149,1217,63,22.3,67.0
2023-09-03T13:38:35.432000+00:00,9157,1218,10,27.3,10.0
2023-09-03T13:39:58.556000+00:00,9157,1218,24,24.3,11.0
2023-09-03T13:41:37.664000+00:00,9157,1218,20,24.6,12.0
2023-09-03T13:42:51.944000+00:00,9157,1218,40,24.2,13.0
2023-09-03T13:44:22.740000+00:00,9157,1218,2,24.7,14.0
2023-09-03T13:44:23.021000+00:00,9157,1218,27,26.0,14.0
2023-09-03T13:45:38.552000+00:00,9157,1218,23,24.5,15.0
2023-09-03T13:51:17.736000+00:00,9157,1218,55,25.1,19.0
2023-09-03T13:51:20.751000+00:00,9157,1218,63,24.2,19.0
2023-09-03T13:52:38.344000+00:00,9157,1218,1,24.2,20.0
2023-09-03T13:52:44.031000+00:00,9157,1218,16,23.9,20.0
2023-09-03T13:53:16.531000+00:00,9157,1218,18,25.6,20.0
2023-09-03T13:54:11.031000+00:00,9157,1218,11,23.8,21.0
2023-09-03T13:54:28.858000+00:00,9157,1218,14,24.7,21.0
2023-09-03T13:55:50.951000+00:00,9157,1218,4,23.7,22.0
2023-09-03T13:57:18.185000+00:00,9157,1218,81,24.1,23.0
2023-09-03T13:59:09.918000+00:00,9157,1218,31,24.2,24.0
2023-09-03T14:00:31.198000+00:00,9157,1218,77,24.6,25.0
2023-09-03T14:03:10.712000+00:00,9157,1218,44,24.2,27.0
2023-09-03T14:09:34.036000+00:00,9157,1218,10,24.6,31.0
2023-09-03T14:12:20.987000+00:00,9157,1218,40,24.2,33.0
2023-09-03T14:12:25.190000+00:00,9157,1218,24,25.9,33.0
2023-09-03T14:12:41.034000+00:00,9157,1218,20,24.7,33.0
2023-09-03T14:21:17.278000+00:00,9157,1218,27,24.3,39.0
2023-09-03T14:23:53.651000+00:00,9157,1218,81,31.7,41.0
2023-09-17T12:07:52.155000+00:00,9165,1219,24,30.0,2.0
2023-09-17T12:37:46.963000+00:00,9165,1219,2,63.5,19.0
2023-09-17T12:37:49.400000+00:00,9165,1219,55,29.4,20.0
2023-09-17T12:37:59.947000+00:00,9165,1219,63,29.9,20.0
2023-09-17T12:38:01.291000+00:00,9165,1219,4,29.4,20.0
2023-09-17T12:38:02.009000+00:00,9165,1219,16,32.8,20.0
2023-09-17T12:38:06.900000+00:00,9165,1219,44,32.6,20.0
2023-09-17T12:38:11.166000+00:00,9165,1219,14,30.6,20.0
2023-09-17T12:38:13.447000+00:00,9165,1219,31,29.7,20.0
2023-09-17T12:38:22.400000+00:00,9165,1219,20,31.4,20.0
2023-09-17T12:38:26.353000+00:00,9165,1219,10,31.8,20.0
2023-09-17T12:38:27.994000+00:00,9165,1219,81,29.3,20.0
2023-09-17T12:38:28.665000+00:00,9165,1219,40,32.3,20.0
2023-09-17T12:38:29.447000+00:00,9165,1219,27,35.4,20.0
2023-09-17T12:38:30.056000+00:00,9165,1219,23,30.1,20.0
2023-09-17T12:39:01.571000+00:00,9165,1219,24,30.6,20.0
2023-09-17T13:12:23.111000+00:00,9165,1219,11,28.9,39.0
2023-09-17T13:13:51.688000+00:00,9165,1219,1,29.6,40.0
2023-09-17T13:14:18.391000+00:00,9165,1219,77,30.4,40.0
2023-09-17T13:19:21.934000+00:00,9165,1219,23,29.7,43.0
2023-09-17T13:19:37.637000+00:00,9165,1219,20,33.0,43.0
2023-09-17T13:19:49.215000+00:00,9165,1219,2,31.0,43.0
2023-09-17T13:20:52.511000+00:00,9165,1219,63,30.0,44.0
2023-09-17T13:20:58.339000+00:00,9165,1219,44,33.5,44.0
2023-09-17T13:21:52.432000+00:00,9165,1219,14,52.7,44.0
2023-09-24T05:07:12.968000+00:00,9173,1220,31,27.0,1.0
2023-09-24T05:07:15.655000+00:00,9173,1220,24,41.0,1.0
2023-09-24T05:07:19.952000+00:00,9173,1220,23,50.1,1.0
2023-09-24T05:07:54.608000+00:00,9173,1220,77,55.8,1.0
2023-09-24T05:09:29.028000+00:00,9173,1220,11,32.4,2.0
2023-09-24T05:09:44.387000+00:00,9173,1220,2,32.7,2.0
2023-09-24T05:17:08.457000+00:00,9173,1220,2,43.8,5.0
2023-09-24T05:19:22.908000+00:00,9173,1220,77,53.5,6.0
2023-09-24T05:21:42.405000+00:00,9173,1220,27,23.5,8.0
2023-09-24T05:23:20.388000+00:00,9173,1220,22,22.9,9.0
2023-09-24T05:24:59.089000+00:00,9173,1220,40,23.1,10.0
2023-09-24T05:25:09.105000+00:00,9173,1220,24,24.0,10.0
2023-09-24T05:26:35.525000+00:00,9173,1220,14,24.0,11.0
2023-09-24T05:28:47.742000+00:00,9173,1220,20,23.8,12.0
2023-09-24T05:29:04.194000+00:00,9173,1220,11,41.4,12.0
2023-09-24T05:29:49.553000+00:00,9173,1220,81,24.4,13.0
2023-09-24T05:30:50.864000+00:00,9173,1220,23,52.1,13.0
2023-09-24T05:32:01.707000+00:00,9173,1220,18,23.4,14.0
2023-09-24T05:34:56.563000+00:00,9173,1220,1,24.3,16.0
2023-09-24T05:35:14.813000+00:00,9173,1220,44,24.8,16.0
2023-09-24T05:36:44.936000+00:00,9173,1220,4,23.5,17.0
2023-09-24T05:36:47.342000+00:00,9173,1220,16,23.1,17.0
2023-09-24T05:38:27.966000+00:00,9173,1220,55,23.0,18.0
2023-09-24T05:38:45.809000+00:00,9173,1220,10,24.4,18.0
2023-09-24T05:44:03.803000+00:00,9173,1220,27,23.6,21.0
2023-09-24T05:44:51.896000+00:00,9173,1220,2,35.1,21.0
2023-09-24T05:48:30.017000+00:00,9173,1220,63,24.0,24.0
2023-09-24T05:50:32.297000+00:00,9173,1220,14,24.2,25.0
2023-09-24T05:50:44.796000+00:00,9173,1220,40,23.6,25.0
2023-09-24T05:55:32.932000+00:00,9173,1220,31,23.7,28.0
2023-09-24T05:57:30.867000+00:00,9173,1220,24,24.1,29.0
2023-09-24T05:59:05.413000+00:00,9173,1220,22,23.3,30.0
2023-09-24T06:01:03.864000+00:00,9173,1220,20,23.8,31.0
2023-09-24T06:05:01.859000+00:00,9173,1220,16,22.9,34.0
2023-09-24T06:05:07.953000+00:00,9173,1220,44,23.6,34.0
2023-09-24T06:05:29.046000+00:00,9173,1220,10,24.6,34.0
2023-09-24T06:06:35.420000+00:00,9173,1220,81,23.1,35.0
2023-09-24T06:08:07.059000+00:00,9173,1220,4,23.1,36.0
2023-09-24T06:09:30.183000+00:00,9173,1220,1,23.6,37.0
2023-09-24T06:10:47.666000+00:00,9173,1220,27,23.3,37.0
2023-09-24T06:11:39.493000+00:00,9173,1220,55,23.3,38.0
2023-09-24T06:13:16.726000+00:00,9173,1220,11,2485.9,13.0
2023-09-24T06:15:30.208000+00:00,9173,1220,11,30.6,14.0
2023-10-08T17:06:26.461000+00:00,9221,1221,63,39.6,1.0
2023-10-08T17:10:53.223000+00:00,9221,1221,77,29.9,3.0
2023-10-08T17:10:56.083000+00:00,9221,1221,20,28.7,3.0
2023-10-08T17:10:56.458000+00:00,9221,1221,18,28.8,3.0
2023-10-08T17:10:57.786000+00:00,9221,1221,40,29.3,3.0
2023-10-08T17:20:57.076000+00:00,9221,1221,22,27.7,9.0
2023-10-08T17:22:22.700000+00:00,9221,1221,31,28.9,10.0
2023-10-08T17:23:48.121000+00:00,9221,1221,14,28.3,11.0
2023-10-08T17:23:54.543000+00:00,9221,1221,10,28.4,11.0
2023-10-08T17:25:14.557000+00:00,9221,1221,81,28.8,12.0
2023-10-08T17:25:18.417000+00:00,9221,1221,16,28.2,12.0
2023-10-08T17:26:49.963000+00:00,9221,1221,4,28.1,13.0
2023-10-08T17:27:05.025000+00:00,9221,1221,2,29.4,13.0
2023-10-08T17:27:12.353000+00:00,9221,1221,27,39.8,13.0
2023-10-08T17:28:26.290000+00:00,9221,1221,63,28.5,14.0
2023-10-08T17:32:34.037000+00:00,9221,1221,1,28.2,17.0
2023-10-08T17:33:00.662000+00:00,9221,1221,11,27.8,17.0
2023-10-08T17:34:28.254000+00:00,9221,1221,23,29.2,18.0
2023-10-08T17:34:36.411000+00:00,9221,1221,24,28.9,18.0
2023-10-08T17:39:12.642000+00:00,9221,1221,77,29.3,21.0
2023-10-08T17:39:13.751000+00:00,9221,1221,18,28.1,21.0
2023-10-08T17:39:21.751000+00:00,9221,1221,20,28.9,21.0
2023-10-08T17:39:23.220000+00:00,9221,1221,40,28.6,21.0
2023-10-08T17:40:53.328000+00:00,9221,1221,22,27.5,22.0
2023-10-08T17:44:55.122000+00:00,9221,1221,81,27.8,25.0
2023-10-08T17:45:09.310000+00:00,9221,1221,16,27.8,25.0
2023-10-08T17:45:11.872000+00:00,9221,1221,31,28.9,25.0
2023-10-08T17:46:30.731000+00:00,9221,1221,14,28.4,26.0
2023-10-08T17:46:43.605000+00:00,9221,1221,10,30.1,26.0
2023-10-08T17:46:57.605000+00:00,9221,1221,2,29.3,26.0
2023-10-08T17:47:58.011000+00:00,9221,1221,4,27.6,27.0
2023-10-08T17:48:27.557000+00:00,9221,1221,27,28.2,27.0
2023-10-08T17:54:08.632000+00:00,9221,1221,11,33.2,31.0
2023-10-08T17:54:12.475000+00:00,9221,1221,23,28.7,31.0
2023-10-08T17:55:21.678000+00:00,9221,1221,63,28.3,32.0
2023-10-08T17:57:52.582000+00:00,9221,1221,1,28.1,34.0
2023-10-08T18:00:11.003000+00:00,9221,1221,24,28.8,35.0
2023-10-08T18:06:12.311000+00:00,9221,1221,77,28.9,39.0
2023-10-08T18:06:14.858000+00:00,9221,1221,18,29.3,39.0
2023-10-08T18:06:24.030000+00:00,9221,1221,20,30.3,39.0
2023-10-08T18:06:33.967000+00:00,9221,1221,40,28.1,39.0
2023-10-08T18:06:37.186000+00:00,9221,1221,27,28.5,39.0
2023-10-08T18:07:58.372000+00:00,9221,1221,22,27.8,40.0
2023-10-08T18:11:23.901000+00:00,9221,1221,81,27.4,43.0
2023-10-08T18:11:45.667000+00:00,9221,1221,16,27.5,43.0
2023-10-08T18:11:57.229000+00:00,9221,1221,31,29.1,43.0
2023-10-08T18:12:08.745000+00:00,9221,1221,11,33.1,43.0
2023-10-08T18:12:52.322000+00:00,9221,1221,4,27.6,44.0
2023-10-08T18:13:19.666000+00:00,9221,1221,14,28.3,44.0
2023-10-08T18:13:33.337000+00:00,9221,1221,10,34.8,44.0
2023-10-08T18:13:41.931000+00:00,9221,1221,23,28.9,44.0
2023-10-08T18:21:40.394000+00:00,9221,1221,63,28.1,50.0
2023-10-08T18:22:43.206000+00:00,9221,1221,1,29.7,51.0
2023-10-08T18:25:18.126000+00:00,9221,1221,24,28.8,52.0
2023-10-22T19:19:48.306000+00:00,9213,1222,24,25.6,9.0
2023-10-22T19:21:32.851000+00:00,9213,1222,23,24.5,10.0
2023-10-22T19:21:34.633000+00:00,9213,1222,77,24.7,10.0
2023-10-22T19:21:36.539000+00:00,9213,1222,20,25.0,10.0
2023-10-22T19:23:21.350000+00:00,9213,1222,2,24.9,11.0
2023-10-22T19:31:30.278000+00:00,9213,1222,1,23.7,16.0
2023-10-22T19:33:06.808000+00:00,9213,1222,4,24.1,17.0
2023-10-22T19:33:18.589000+00:00,9213,1222,55,23.6,17.0
2023-10-22T19:33:22.870000+00:00,9213,1222,11,24.2,17.0
2023-10-22T19:33:31.073000+00:00,9213,1222,22,24.3,17.0
2023-10-22T19:35:10.384000+00:00,9213,1222,10,23.9,18.0
2023-10-22T19:37:06.772000+00:00,9213,1222,14,25.0,19.0
2023-10-22T19:37:15.772000+00:00,9213,1222,27,26.5,19.0
2023-10-22T19:38:19.318000+00:00,9213,1222,44,24.9,20.0
2023-10-22T19:38:53.458000+00:00,9213,1222,18,24.4,20.0
2023-10-22T19:40:14.316000+00:00,9213,1222,63,24.3,21.0
2023-10-22T19:42:16.017000+00:00,9213,1222,3,24.3,22.0
2023-10-22T19:43:34.656000+00:00,9213,1222,16,23.9,23.0
2023-10-22T19:51:14.054000+00:00,9213,1222,24,24.7,27.0
2023-10-22T19:52:54.896000+00:00,9213,1222,77,25.0,28.0
2023-10-22T19:54:33.519000+00:00,9213,1222,23,24.3,29.0
2023-10-22T19:54:49.581000+00:00,9213,1222,20,24.7,29.0
2023-10-22T19:59:50.420000+00:00,9213,1222,2,25.5,32.0
2023-10-22T20:02:16.870000+00:00,9213,1222,4,23.3,34.0
2023-10-22T20:02:51.557000+00:00,9213,1222,22,24.1,34.0
2023-10-22T20:03:12.572000+00:00,9213,1222,27,24.3,34.0
2023-10-22T20:03:56.681000+00:00,9213,1222,1,24.9,35.0
2023-10-22T20:04:06.900000+00:00,9213,1222,55,23.6,35.0
2023-10-22T20:07:31.958000+00:00,9213,1222,11,23.7,37.0
2023-10-22T20:07:53.521000+00:00,9213,1222,10,24.8,37.0
2023-10-22T20:09:06.800000+00:00,9213,1222,44,24.6,38.0
2023-10-22T20:11:11.814000+00:00,9213,1222,63,23.9,39.0
2023-10-22T20:13:10.359000+00:00,9213,1222,18,23.9,40.0
2023-10-22T20:16:26.105000+00:00,9213,1222,14,24.8,42.0
2023-10-22T20:25:42.017000+00:00,9213,1222,3,26.5,47.0
2023-10-22T20:36:59.521000+00:00,9213,1222,22,23.4,54.0
2023-10-29T20:17:05.197000+00:00,9181,1223,22,30.1,9.0
2023-10-29T20:19:47.351000+00:00,9181,1223,4,23.4,11.0
2023-10-29T20:30:33.105000+00:00,9181,1223,1,22.4,19.0
2023-10-29T20:33:58.070000+00:00,9181,1223,24,22.8,21.0
2023-10-29T20:35:28.068000+00:00,9181,1223,2,23.9,22.0
2023-10-29T20:36:42.817000+00:00,9181,1223,27,23.1,23.0
2023-10-29T20:36:51.911000+00:00,9181,1223,20,23.6,23.0
2023-10-29T20:37:44.379000+00:00,9181,1223,44,22.2,24.0
2023-10-29T20:39:17.908000+00:00,9181,1223,81,23.7,25.0
2023-10-29T20:40:41.625000+00:00,9181,1223,63,22.3,26.0
2023-10-29T20:42:02.155000+00:00,9181,1223,3,22.4,27.0
2023-10-29T20:43:47.122000+00:00,9181,1223,10,22.6,28.0
2023-10-29T20:45:30.292000+00:00,9181,1223,14,22.8,29.0
2023-10-29T20:46:09.495000+00:00,9181,1223,55,22.0,30.0
2023-10-29T20:46:51.072000+00:00,9181,1223,18,22.5,30.0
2023-10-29T20:47:24.415000+00:00,9181,1223,16,22.2,31.0
2023-10-29T20:48:12.289000+00:00,9181,1223,77,23.6,31.0
2023-10-29T20:50:25.006000+00:00,9181,1223,1,22.3,33.0
2023-10-29T20:51:13.692000+00:00,9181,1223,4,22.5,33.0
2023-10-29T20:51:18.942000+00:00,9181,1223,23,23.6,33.0
2023-10-29T21:13:05.935000+00:00,9181,1223,1,1209.1,34.0
2023-10-29T21:13:08.857000+00:00,9181,1223,16,1210.5,34.0
2023-10-29T21:13:12.669000+00:00,9181,1223,44,1212.9,34.0
2023-10-29T21:13:16.700000+00:00,9181,1223,55,1215.4,34.0
2023-10-29T21:13:20.325000+00:00,9181,1223,3,1217.1,34.0
2023-10-29T21:13:24.216000+00:00,9181,1223,81,1219.0,34.0
2023-10-29T21:13:29.216000+00:00,9181,1223,63,1218.2,34.0
2023-10-29T21:13:32.497000+00:00,9181,1223,22,1218.0,34.0
2023-10-29T21:13:36.153000+00:00,9181,1223,27,1219.8,34.0
2023-10-29T21:13:44.403000+00:00,9181,1223,4,1226.3,34.0
2023-10-29T21:13:46.591000+00:00,9181,1223,10,1225.6,34.0
2023-10-29T21:13:50.419000+00:00,9181,1223,23,1227.9,34.0
2023-10-29T21:13:54.997000+00:00,9181,1223,24,1229.5,34.0
2023-10-29T21:13:57.809000+00:00,9181,1223,31,1226.2,34.0
2023-10-29T21:14:01.559000+00:00,9181,1223,2,1227.7,34.0
2023-10-29T21:14:05.309000+00:00,9181,1223,77,1229.3,34.0
2023-10-29T21:14:09.043000+00:00,9181,1223,18,1229.6,34.0
2023-10-29T21:14:13.137000+00:00,9181,1223,14,1229.8,34.0
2023-11-05T17:05:38.680000+00:00,9205,1224,1,18.5,1.0
2023-11-05T17:05:41.227000+00:00,9205,1224,4,19.3,1.0
2023-11-05T17:05:43.508000+00:00,9205,1224,44,18.5,1.0
2023-11-05T17:05:45.993000+00:00,9205,1224,14,18.4,1.0
2023-11-05T17:05:47.336000+00:00,9205,1224,18,18.5,1.0
2023-11-05T17:05:51.383000+00:00,9205,1224,63,20.4,1.0
2023-11-05T17:05:53.665000+00:00,9205,1224,11,20.8,1.0
2023-11-05T17:05:56.914000+00:00,9205,1224,55,23.0,1.0
2023-11-05T17:05:58.024000+00:00,9205,1224,31,22.2,1.0
2023-11-05T17:06:00.914000+00:00,9205,1224,22,20.9,1.0
2023-11-05T17:06:01.961000+00:00,9205,1224,10,20.5,1.0
2023-11-05T17:06:02.774000+00:00,9205,1224,77,20.7,1.0
2023-11-05T17:06:07.227000+00:00,9205,1224,24,21.2,1.0
2023-11-05T17:06:14.461000+00:00,9205,1224,2,27.4,1.0
2023-11-05T17:06:23.945000+00:00,9205,1224,27,34.2,1.0
2023-11-05T17:31:06.038000+00:00,9205,1224,1,1402.6,2.0
2023-11-05T17:31:09.178000+00:00,9205,1224,4,1404.6,2.0
2023-11-05T17:31:13.288000+00:00,9205,1224,44,1406.3,2.0
2023-11-05T17:31:16.631000+00:00,9205,1224,14,1408.1,2.0
2023-11-05T17:31:20.725000+00:00,9205,1224,18,1409.9,2.0
2023-11-05T17:31:25.162000+00:00,9205,1224,63,1410.9,2.0
2023-11-05T17:31:28.194000+00:00,9205,1224,11,1411.7,2.0
2023-11-05T17:31:31.772000+00:00,9205,1224,55,1413.7,2.0
2023-11-05T17:31:34.397000+00:00,9205,1224,31,1414.7,2.0
2023-11-05T17:31:38.428000+00:00,9205,1224,22,1415.4,2.0
2023-11-05T17:31:41.475000+00:00,9205,1224,10,1416.7,2.0
2023-11-05T17:31:44.693000+00:00,9205,1224,77,1418.1,2.0
2023-11-05T17:31:49.693000+00:00,9205,1224,24,1419.9,2.0
2023-11-05T17:31:52.521000+00:00,9205,1224,2,1421.2,2.0
2023-11-05T17:31:56.006000+00:00,9205,1224,27,1421.0,2.0
2023-11-05T17:32:01.021000+00:00,9205,1224,81,1584.0,1.0
2023-11-05T17:32:05.115000+00:00,9205,1224,3,1576.7,1.0
2023-11-05T17:34:20.660000+00:00,9205,1224,81,38.4,2.0
2023-11-05T17:34:21.145000+00:00,9205,1224,3,32.7,2.0
2023-11-05T17:48:45.244000+00:00,9205,1224,31,24.0,14.0
2023-11-05T17:50:05.353000+00:00,9205,1224,24,23.9,15.0
2023-11-05T17:52:43.163000+00:00,9205,1224,2,24.3,17.0
2023-11-05T17:53:47.912000+00:00,9205,1224,44,23.5,18.0
2023-11-05T17:53:55.912000+00:00,9205,1224,77,24.0,18.0
2023-11-05T17:55:06.068000+00:00,9205,1224,63,23.7,19.0
2023-11-05T17:56:21.051000+00:00,9205,1224,11,23.1,20.0
2023-11-05T17:57:58.175000+00:00,9205,1224,27,24.4,21.0
2023-11-05T17:58:58.487000+00:00,9205,1224,18,23.5,22.0
2023-11-05T18:02:37.359000+00:00,9205,1224,14,24.2,25.0
2023-11-05T18:03:02.594000+00:00,9205,1224,81,23.5,24.0
2023-11-05T18:04:07.765000+00:00,9205,1224,55,23.5,26.0
2023-11-05T18:04:12.796000+00:00,9205,1224,10,25.2,26.0
2023-11-05T18:04:16.577000+00:00,9205,1224,22,27.1,26.0
2023-11-05T18:04:58.858000+00:00,9205,1224,1,22.9,27.0
2023-11-05T18:05:03.670000+00:00,9205,1224,4,23.8,27.0
2023-11-05T18:05:32.311000+00:00,9205,1224,3,23.9,26.0
2023-11-05T18:10:53.682000+00:00,9205,1224,31,24.4,31.0
2023-11-05T18:27:41.108000+00:00,9205,1224,2,24.1,44.0
2023-11-05T18:28:41.904000+00:00,9205,1224,63,23.9,45.0
2023-11-05T18:29:37.669000+00:00,9205,1224,11,23.5,46.0
2023-11-05T18:29:52.950000+00:00,9205,1224,44,24.0,46.0
2023-11-05T18:29:56.278000+00:00,9205,1224,10,23.5,46.0
2023-11-05T18:30:24.684000+00:00,9205,1224,27,23.8,46.0
2023-11-05T18:30:49.918000+00:00,9205,1224,14,23.8,47.0
2023-11-05T18:36:08.883000+00:00,9205,1224,55,23.7,51.0
2023-11-05T18:36:36.539000+00:00,9205,1224,31,23.5,51.0
2023-11-05T18:37:21.414000+00:00,9205,1224,18,25.2,52.0
2023-11-05T18:39:01.037000+00:00,9205,1224,81,23.3,52.0
2023-11-05T18:41:24.723000+00:00,9205,1224,22,23.4,55.0
2023-11-05T18:41:45.004000+00:00,9205,1224,1,23.3,56.0
2023-11-05T18:42:40.801000+00:00,9205,1224,3,23.5,55.0
2023-11-05T18:45:40.627000+00:00,9205,1224,4,23.6,59.0
2023-11-19T06:06:40.131000+00:00,9189,1225,11,33.5,1.0
2023-11-19T06:06:56.818000+00:00,9189,1225,14,29.3,1.0
2023-11-19T06:07:14.818000+00:00,9189,1225,77,43.9,1.0
2023-11-19T06:10:29.283000+00:00,9189,1225,18,22.2,3.0
2023-11-19T06:10:41.158000+00:00,9189,1225,55,21.2,3.0
2023-11-19T06:25:48.048000+00:00,9189,1225,22,20.6,10.0
2023-11-19T06:29:08.123000+00:00,9189,1225,27,22.1,12.0
2023-11-19T06:32:24.760000+00:00,9189,1225,20,21.6,14.0
2023-11-19T06:33:50.836000+00:00,9189,1225,63,21.2,15.0
2023-11-19T06:34:02.508000+00:00,9189,1225,2,21.3,15.0
2023-11-19T06:35:32.163000+00:00,9189,1225,1,26.6,16.0
2023-11-19T06:35:38.928000+00:00,9189,1225,23,21.2,16.0
2023-11-19T06:35:43.334000+00:00,9189,1225,81,23.2,16.0
2023-11-19T06:37:16.630000+00:00,9189,1225,10,22.2,17.0
2023-11-19T06:37:36.489000+00:00,9189,1225,3,22.2,17.0
2023-11-19T06:37:37.520000+00:00,9189,1225,44,25.0,17.0
2023-11-19T06:42:20.437000+00:00,9189,1225,31,21.7,20.0
2023-11-19T06:43:41.467000+00:00,9189,1225,16,22.5,21.0
2023-11-19T06:44:38.372000+00:00,9189,1225,22,20.8,21.0
2023-11-19T06:49:32.226000+00:00,9189,1225,77,21.5,24.0
2023-11-19T06:52:14.786000+00:00,9189,1225,11,21.5,26.0
2023-11-19T06:52:30.348000+00:00,9189,1225,1,21.3,26.0
2023-11-19T06:52:30.957000+00:00,9189,1225,18,22.5,26.0
2023-11-19T06:52:33.926000+00:00,9189,1225,63,21.9,26.0
2023-11-19T06:52:36.863000+00:00,9189,1225,55,22.6,26.0
2023-11-19T06:52:41.519000+00:00,9189,1225,14,23.2,26.0
2023-11-19T06:52:49.676000+00:00,9189,1225,24,22.1,26.0
2023-11-19T06:53:01.316000+00:00,9189,1225,20,21.8,26.0
2023-11-19T06:53:08.363000+00:00,9189,1225,27,25.4,26.0
2023-11-19T06:53:12.597000+00:00,9189,1225,44,22.5,26.0
2023-11-19T07:22:32.753000+00:00,9189,1225,81,20.5,43.0
2023-11-26T13:11:39.528000+00:00,9197,1226,20,22.7,5.0
2023-11-26T13:14:37.589000+00:00,9197,1226,3,21.6,7.0
2023-11-26T13:22:07.037000+00:00,9197,1226,14,22.4,12.0
2023-11-26T13:23:35.848000+00:00,9197,1226,81,21.6,13.0
2023-11-26T13:23:47.614000+00:00,9197,1226,27,21.8,13.0
2023-11-26T13:23:51.395000+00:00,9197,1226,24,22.8,13.0
2023-11-26T13:25:04.660000+00:00,9197,1226,63,21.6,14.0
2023-11-26T13:25:05.129000+00:00,9197,1226,4,24.0,14.0
2023-11-26T13:26:44.159000+00:00,9197,1226,44,22.1,15.0
2023-11-26T13:26:45.128000+00:00,9197,1226,31,22.1,15.0
2023-11-26T13:26:58.221000+00:00,9197,1226,2,22.1,15.0
2023-11-26T13:27:58.955000+00:00,9197,1226,1,21.6,16.0
2023-11-26T13:28:27.548000+00:00,9197,1226,23,22.1,16.0
2023-11-26T13:29:31.907000+00:00,9197,1226,16,21.9,17.0
2023-11-26T13:29:43.610000+00:00,9197,1226,11,21.4,17.0
2023-11-26T13:29:49.782000+00:00,9197,1226,10,23.0,17.0
2023-11-26T13:37:16.167000+00:00,9197,1226,22,21.4,22.0
2023-11-26T13:37:21.792000+00:00,9197,1226,18,21.8,22.0
2023-11-26T13:37:53.370000+00:00,9197,1226,20,22.1,22.0
2023-11-26T13:38:58.291000+00:00,9197,1226,55,21.2,23.0
2023-11-26T13:48:24.863000+00:00,9197,1226,77,22.6,29.0
2023-11-26T13:51:14.017000+00:00,9197,1226,3,21.7,31.0
2023-11-26T13:52:50.297000+00:00,9197,1226,10,23.4,32.0
2023-11-26T13:53:53.484000+00:00,9197,1226,4,21.4,33.0
2023-11-26T13:54:27.577000+00:00,9197,1226,27,22.0,33.0
2023-11-26T13:55:20.374000+00:00,9197,1226,63,22.0,34.0
2023-11-26T13:56:47.498000+00:00,9197,1226,16,21.2,35.0
2023-11-26T13:57:05.138000+00:00,9197,1226,44,22.0,35.0
2023-11-26T13:58:30.168000+00:00,9197,1226,81,21.1,36.0
2023-11-26T13:58:33.621000+00:00,9197,1226,14,21.8,36.0
2023-11-26T14:00:35.448000+00:00,9197,1226,24,22.3,37.0
2023-11-26T14:06:42.506000+00:00,9197,1226,2,21.8,41.0
2023-11-26T14:07:17.818000+00:00,9197,1226,11,21.2,42.0
2023-11-26T14:07:42.678000+00:00,9197,1226,18,21.6,42.0
2023-11-26T14:08:30.771000+00:00,9197,1226,1,21.2,43.0
2023-11-26T14:09:32.067000+00:00,9197,1226,23,21.9,43.0
2023-11-26T14:28:46.679000+00:00,9197,1226,55,21.5,56.0
2024-03-02T15:06:11.115000+00:00,9472,1229,27,36.6,1.0
2024-03-02T15:19:05.235000+00:00,9472,1229,24,25.2,9.0
2024-03-02T15:19:07.623000+00:00,9472,1229,18,24.4,9.0
2024-03-02T15:20:46.058000+00:00,9472,1229,31,24.8,10.0
2024-03-02T15:21:55.789000+00:00,9472,1229,2,35.7,10.0
2024-03-02T15:22:03.605000+00:00,9472,1229,63,24.7,11.0
2024-03-02T15:22:06.457000+00:00,9472,1229,16,24.0,11.0
2024-03-02T15:22:22.107000+00:00,9472,1229,20,25.9,11.0
2024-03-02T15:23:41.972000+00:00,9472,1229,11,24.5,12.0
2024-03-02T15:23:50.520000+00:00,9472,1229,81,25.4,12.0
2024-03-02T15:23:52.389000+00:00,9472,1229,44,25.0,12.0
2024-03-02T15:24:09.090000+00:00,9472,1229,10,29.9,12.0
2024-03-02T15:24:09.531000+00:00,9472,1229,77,26.4,12.0
2024-03-02T15:25:25.101000+00:00,9472,1229,4,24.2,13.0
2024-03-02T15:25:42.894000+00:00,9472,1229,3,24.9,13.0
2024-03-02T15:26:57.817000+00:00,9472,1229,55,24.4,14.0
2024-03-02T15:27:13.176000+00:00,9472,1229,22,24.7,14.0
2024-03-02T15:28:49.395000+00:00,9472,1229,14,24.7,15.0
2024-03-02T15:28:54.348000+00:00,9472,1229,23,24.6,15.0
2024-03-02T15:31:37.825000+00:00,9472,1229,1,25.0,17.0
2024-03-02T15:37:33.888000+00:00,9472,1229,27,24.7,20.0
2024-03-02T15:48:50.340000+00:00,9472,1229,18,24.5,27.0
2024-03-02T15:50:25.427000+00:00,9472,1229,24,25.0,28.0
2024-03-02T15:51:59.543000+00:00,9472,1229,2,25.0,28.0
2024-03-02T15:53:55.836000+00:00,9472,1229,31,25.1,30.0
2024-03-02T15:54:47.117000+00:00,9472,1229,63,24.8,31.0
2024-03-02T15:54:47.631000+00:00,9472,1229,77,74.7,30.0
2024-03-02T15:55:37.993000+00:00,9472,1229,10,26.4,31.0
2024-03-02T15:57:02.477000+00:00,9472,1229,20,24.4,32.0
2024-03-02T15:58:04.902000+00:00,9472,1229,4,24.7,33.0
2024-03-02T15:58:10.632000+00:00,9472,1229,44,24.0,33.0
2024-03-02T15:59:38.514000+00:00,9472,1229,16,24.1,34.0
2024-03-02T15:59:45.850000+00:00,9472,1229,81,24.8,34.0
2024-03-02T16:00:12.070000+00:00,9472,1229,22,24.3,34.0
2024-03-02T16:01:02.991000+00:00,9472,1229,55,23.8,35.0
2024-03-02T16:01:59.612000+00:00,9472,1229,3,24.8,35.0
2024-03-02T16:02:37.212000+00:00,9472,1229,11,24.5,36.0
2024-03-02T16:03:35.177000+00:00,9472,1229,23,24.6,36.0
2024-03-02T16:03:54.529000+00:00,9472,1229,1,24.2,37.0
2024-03-02T16:11:23.921000+00:00,9472,1229,14,25.1,41.0
2024-03-02T16:11:47.875000+00:00,9472,1229,2,25.3,40.0
2024-03-02T16:11:54.741000+00:00,9472,1229,27,24.3,41.0
2024-03-02T16:15:21.252000+00:00,9472,1229,10,25.2,43.0
2024-03-09T17:15:47.097000+00:00,9480,1230,1,20.6,7.0
2024-03-09T17:15:52.880000+00:00,9480,1230,11,22.1,7.0
2024-03-09T17:15:55.889000+00:00,9480,1230,16,23.4,7.0
2024-03-09T17:15:58.220000+00:00,9480,1230,81,21.4,7.0
2024-03-09T17:15:59.780000+00:00,9480,1230,14,22.1,7.0
2024-03-09T17:16:04.281000+00:00,9480,1230,63,21.0,7.0
2024-03-09T17:16:13.313000+00:00,9480,1230,22,21.6,7.0
2024-03-09T17:16:14.973000+00:00,9480,1230,38,22.4,7.0
2024-03-09T17:16:14.973000+00:00,9480,1230,20,21.4,7.0
2024-03-09T17:16:15.932000+00:00,9480,1230,23,21.7,7.0
2024-03-09T17:16:22.416000+00:00,9480,1230,31,22.5,7.0
2024-03-09T17:16:23.903000+00:00,9480,1230,77,22.7,7.0
2024-03-09T17:16:26.084000+00:00,9480,1230,2,23.6,7.0
2024-03-09T17:17:01.115000+00:00,9480,1230,3,63.3,7.0
2024-03-09T17:59:43.237000+00:00,9480,1230,27,21.0,33.0
2024-03-09T18:03:22.747000+00:00,9480,1230,77,23.2,35.0
2024-03-09T18:03:59.429000+00:00,9480,1230,44,20.1,36.0
2024-03-09T18:05:31.365000+00:00,9480,1230,4,22.2,37.0
2024-03-09T18:12:50.460000+00:00,9480,1230,24,46.3,41.0
2024-03-24T04:10:44.051000+00:00,9488,1231,3,18.2,5.0
2024-03-24T04:12:03.960000+00:00,9488,1231,23,17.7,6.0
2024-03-24T04:12:08.895000+00:00,9488,1231,24,19.0,6.0
2024-03-24T04:13:22.694000+00:00,9488,1231,44,17.5,7.0
2024-03-24T04:13:27.578000+00:00,9488,1231,20,18.3,7.0
2024-03-24T04:14:42.668000+00:00,9488,1231,63,18.0,8.0
2024-03-24T04:14:44.598000+00:00,9488,1231,18,17.9,8.0
2024-03-24T04:15:18.023000+00:00,9488,1231,77,46.9,8.0
2024-03-24T04:16:00.710000+00:00,9488,1231,16,17.4,9.0
2024-03-24T04:16:02.012000+00:00,9488,1231,81,17.5,9.0
2024-03-24T04:16:09.821000+00:00,9488,1231,22,18.5,9.0
2024-03-24T04:16:14.735000+00:00,9488,1231,31,18.2,9.0
2024-03-24T04:22:56.216000+00:00,9488,1231,4,17.7,14.0
2024-03-24T04:23:04.121000+00:00,9488,1231,11,18.1,14.0
2024-03-24T04:25:32.675000+00:00,9488,1231,55,17.5,16.0
2024-03-24T04:26:30.153000+00:00,9488,1231,31,30.6,16.0
2024-03-24T04:27:25.795000+00:00,9488,1231,14,18.1,17.0
2024-03-24T04:27:48.004000+00:00,9488,1231,27,18.3,17.0
2024-03-24T04:27:53.252000+00:00,9488,1231,10,20.3,17.0
2024-03-24T04:41:53.767000+00:00,9488,1231,23,17.7,27.0
2024-03-24T04:44:47.613000+00:00,9488,1231,3,17.7,29.0
2024-03-24T04:50:17.139000+00:00,9488,1231,20,18.1,33.0
2024-03-24T04:50:53.181000+00:00,9488,1231,16,17.3,34.0
2024-03-24T04:52:36.668000+00:00,9488,1231,11,17.2,35.0
2024-03-24T04:52:59.402000+00:00,9488,1231,27,18.1,35.0
2024-03-24T04:53:28.344000+00:00,9488,1231,24,36.8,35.0
2024-03-24T04:54:17.272000+00:00,9488,1231,22,17.5,36.0
2024-03-24T04:54:49.601000+00:00,9488,1231,77,18.9,36.0
2024-03-24T04:55:38.194000+00:00,9488,1231,18,17.9,37.0
2024-03-24T04:57:51.886000+00:00,9488,1231,81,18.5,39.0
2024-03-24T04:59:05.080000+00:00,9488,1231,4,17.6,40.0
2024-03-24T05:00:15.825000+00:00,9488,1231,55,17.7,41.0
2024-03-24T05:00:56.344000+00:00,9488,1231,14,17.9,41.0
2024-03-24T05:01:39.520000+00:00,9488,1231,10,17.6,41.0
2024-03-24T05:03:10.391000+00:00,9488,1231,31,18.0,42.0
2024-03-24T05:06:26.148000+00:00,9488,1231,63,17.9,45.0
2024-04-07T05:32:07.088000+00:00,9496,1232,1,1575.6,1.0
2024-04-07T05:32:11.228000+00:00,9496,1232,11,1577.6,1.0
2024-04-07T05:32:15.605000+00:00,9496,1232,4,1580.1,1.0
2024-04-07T05:32:17.863000+00:00,9496,1232,55,1580.0,1.0
2024-04-07T05:32:21.901000+00:00,9496,1232,14,1580.9,1.0
2024-04-07T05:32:24.731000+00:00,9496,1232,81,1580.2,1.0
2024-04-07T05:32:33.770000+00:00,9496,1232,44,1580.6,1.0
2024-04-07T05:32:37.738000+00:00,9496,1232,16,1583.3,1.0
2024-04-07T05:32:40.039000+00:00,9496,1232,63,1581.2,1.0
2024-04-07T05:32:42.543000+00:00,9496,1232,27,1580.8,1.0
2024-04-07T05:32:45.909000+00:00,9496,1232,77,1582.5,1.0
2024-04-07T05:32:50.762000+00:00,9496,1232,22,1584.5,1.0
2024-04-07T05:32:55.037000+00:00,9496,1232,31,1586.0,1.0
2024-04-07T05:32:58.104000+00:00,9496,1232,10,1586.7,1.0
2024-04-07T05:33:02.066000+00:00,9496,1232,18,1585.9,1.0
2024-04-07T05:33:05.236000+00:00,9496,1232,20,1584.6,1.0
2024-04-07T05:33:08.853000+00:00,9496,1232,2,1585.2,1.0
2024-04-07T05:33:13.702000+00:00,9496,1232,24,1582.9,1.0
2024-04-07T05:41:11.036000+00:00,9496,1232,27,23.6,5.0
2024-04-07T05:42:47.149000+00:00,9496,1232,77,24.8,6.0
2024-04-07T05:44:23.658000+00:00,9496,1232,22,23.3,7.0
2024-04-07T05:44:31.628000+00:00,9496,1232,24,23.9,7.0
2024-04-07T05:50:44.884000+00:00,9496,1232,4,23.0,11.0
2024-04-07T05:51:28.738000+00:00,9496,1232,24,26.6,11.0
2024-04-07T05:52:30.861000+00:00,9496,1232,81,23.4,12.0
2024-04-07T05:52:41.007000+00:00,9496,1232,18,23.3,12.0
2024-04-07T05:54:07.567000+00:00,9496,1232,14,22.9,13.0
2024-04-07T05:57:14.863000+00:00,9496,1232,11,22.9,15.0
2024-04-07T05:57:18.818000+00:00,9496,1232,55,23.1,15.0
2024-04-07T05:58:47.121000+00:00,9496,1232,1,23.1,16.0
2024-04-07T05:59:43.262000+00:00,9496,1232,10,23.8,16.0
2024-04-07T06:04:35.659000+00:00,9496,1232,31,23.3,19.0
2024-04-07T06:09:03.514000+00:00,9496,1232,63,23.5,22.0
2024-04-07T06:09:29.413000+00:00,9496,1232,22,23.4,22.0
2024-04-07T06:09:30.179000+00:00,9496,1232,20,26.1,22.0
2024-04-07T06:09:30.269000+00:00,9496,1232,18,23.2,22.0
2024-04-07T06:09:30.585000+00:00,9496,1232,77,25.9,22.0
2024-04-07T06:09:30.908000+00:00,9496,1232,2,25.5,22.0
2024-04-07T06:10:45.740000+00:00,9496,1232,44,23.3,23.0
2024-04-07T06:15:25.709000+00:00,9496,1232,16,23.2,26.0
2024-04-07T06:15:26.492000+00:00,9496,1232,4,23.2,26.0
2024-04-07T06:25:23.438000+00:00,9496,1232,81,22.8,32.0
2024-04-07T06:26:27.249000+00:00,9496,1232,10,23.1,32.0
2024-04-07T06:26:41.709000+00:00,9496,1232,11,22.9,33.0
2024-04-07T06:26:57.226000+00:00,9496,1232,14,23.1,33.0
2024-04-07T06:27:47.111000+00:00,9496,1232,27,23.9,33.0
2024-04-07T06:27:58.668000+00:00,9496,1232,31,24.1,33.0
2024-04-07T06:28:07.304000+00:00,9496,1232,1,23.2,34.0
2024-04-07T06:29:22.122000+00:00,9496,1232,18,22.9,34.0
2024-04-07T06:29:29.509000+00:00,9496,1232,2,24.2,34.0
2024-04-07T06:31:38.439000+00:00,9496,1232,55,23.5,36.0
2024-04-07T06:33:31.539000+00:00,9496,1232,63,22.9,37.0
2024-04-07T06:36:50.085000+00:00,9496,1232,44,23.9,39.0
2024-04-07T06:41:48.805000+00:00,9496,1232,2,23.2,41.0
2024-04-21T07:17:54.233000+00:00,9673,1233,27,23.0,8.0
2024-04-21T07:17:58.818000+00:00,9673,1233,22,23.1,8.0
2024-04-21T07:18:03.165000+00:00,9673,1233,24,23.3,8.0
2024-04-21T07:19:34.534000+00:00,9673,1233,18,23.8,9.0
2024-04-21T07:19:35.920000+00:00,9673,1233,77,22.9,9.0
2024-04-21T07:19:38.517000+00:00,9673,1233,31,23.1,9.0
2024-04-21T07:19:39.721000+00:00,9673,1233,23,23.2,9.0
2024-04-21T07:19:42.310000+00:00,9673,1233,44,22.5,9.0
2024-04-21T07:22:51.787000+00:00,9673,1233,14,23.0,11.0
2024-04-21T07:22:55.186000+00:00,9673,1233,63,22.4,11.0
2024-04-21T07:23:24.239000+00:00,9673,1233,10,39.7,11.0
2024-04-21T07:24:57.873000+00:00,9673,1233,2,23.2,12.0
2024-04-21T07:25:56.763000+00:00,9673,1233,1,22.4,13.0
2024-04-21T07:26:05.986000+00:00,9673,1233,11,22.0,13.0
2024-04-21T07:28:16.873000+00:00,9673,1233,3,22.5,14.0
2024-04-21T07:31:26.972000+00:00,9673,1233,81,22.6,16.0
2024-04-21T07:33:12.635000+00:00,9673,1233,55,22.6,17.0
2024-04-21T07:33:37.510000+00:00,9673,1233,20,22.9,17.0
2024-04-21T07:39:57.405000+00:00,9673,1233,16,22.3,21.0
2024-04-21T07:40:30.736000+00:00,9673,1233,18,22.9,21.0
2024-04-21T07:40:46.670000+00:00,9673,1233,44,22.6,21.0
2024-04-21T07:41:59.952000+00:00,9673,1233,4,22.1,22.0
2024-04-21T07:44:07.683000+00:00,9673,1233,1,22.2,23.0
2024-04-21T07:44:26.611000+00:00,9673,1233,11,22.3,23.0
2024-04-21T07:44:44.517000+00:00,9673,1233,14,22.6,23.0
2024-04-21T07:44:48.706000+00:00,9673,1233,63,22.7,23.0
2024-04-21T07:45:05.889000+00:00,9673,1233,27,23.3,23.0
2024-04-21T07:45:12.139000+00:00,9673,1233,31,23.2,23.0
2024-04-21T07:45:17.677000+00:00,9673,1233,22,22.3,23.0
2024-04-21T07:45:21.571000+00:00,9673,1233,23,23.6,23.0
2024-04-21T07:45:28.719000+00:00,9673,1233,24,25.6,23.0
2024-04-21T07:45:36.934000+00:00,9673,1233,10,23.9,23.0
2024-04-21T07:47:04.642000+00:00,9673,1233,81,22.2,24.0
2024-04-21T07:47:38.247000+00:00,9673,1233,2,22.6,24.0
2024-04-21T07:53:19.912000+00:00,9673,1233,18,93.2,26.0
2024-04-21T07:54:48.761000+00:00,9673,1233,20,25.7,27.0
2024-04-21T08:10:45.289000+00:00,9673,1233,18,34.7,35.0
2024-04-21T08:15:35.007000+00:00,9673,1233,10,22.8,38.0
2024-04-21T08:18:59.803000+00:00,9673,1233,24,23.2,40.0
2024-04-21T08:23:42.506000+00:00,9673,1233,14,23.1,43.0
2024-05-05T20:19:39.371000+00:00,9507,1234,23,22.8,10.0
2024-05-05T20:21:11.694000+00:00,9507,1234,18,23.0,11.0
2024-05-05T20:21:15.599000+00:00,9507,1234,2,22.6,11.0
2024-05-05T20:21:19.373000+00:00,9507,1234,77,23.7,11.0
2024-05-05T20:22:45.279000+00:00,9507,1234,27,23.0,12.0
2024-05-05T20:22:45.973000+00:00,9507,1234,10,22.4,12.0
2024-05-05T20:30:19.386000+00:00,9507,1234,11,21.6,17.0
2024-05-05T20:33:18.881000+00:00,9507,1234,16,21.8,19.0
2024-05-05T20:38:31.386000+00:00,9507,1234,31,22.6,22.0
2024-05-05T20:38:34.448000+00:00,9507,1234,14,22.3,22.0
2024-05-05T20:38:42.299000+00:00,9507,1234,20,23.2,22.0
2024-05-05T20:39:40.124000+00:00,9507,1234,1,22.1,23.0
2024-05-05T20:41:42.351000+00:00,9507,1234,63,22.8,24.0
2024-05-05T20:44:45.874000+00:00,9507,1234,44,22.1,26.0
2024-05-05T20:45:54.132000+00:00,9507,1234,81,22.2,27.0
2024-05-05T20:45:57.233000+00:00,9507,1234,55,22.8,27.0
2024-05-05T20:48:03.247000+00:00,9507,1234,11,22.3,28.0
2024-05-05T20:48:06.859000+00:00,9507,1234,22,22.1,28.0
2024-05-05T20:48:24.627000+00:00,9507,1234,24,23.0,28.0
2024-05-05T20:48:28.816000+00:00,9507,1234,3,22.5,28.0
2024-05-05T20:48:36.053000+00:00,9507,1234,27,22.4,28.0
2024-05-05T20:48:38.702000+00:00,9507,1234,18,22.6,28.0
2024-05-05T20:49:18.254000+00:00,9507,1234,20,29.7,28.0
2024-05-05T20:49:38.496000+00:00,9507,1234,4,22.0,29.0
2024-05-05T20:50:57.695000+00:00,9507,1234,77,22.7,29.0
2024-05-05T20:55:08.149000+00:00,9507,1234,20,30.7,31.0
2024-05-05T21:09:05.656000+00:00,9507,1234,81,30.4,40.0
2024-05-05T21:29:26.144000+00:00,9507,1234,23,22.5,53.0
2024-05-19T13:13:40.698000+00:00,9515,1235,14,31.3,7.0
2024-05-19T13:14:55.977000+00:00,9515,1235,23,30.0,8.0
2024-05-19T13:14:56.934000+00:00,9515,1235,10,30.0,8.0
2024-05-19T13:14:59.233000+00:00,9515,1235,77,30.2,8.0
2024-05-19T13:17:41.933000+00:00,9515,1235,23,33.1,9.0
2024-05-19T13:19:00.497000+00:00,9515,1235,3,30.0,11.0
2024-05-19T13:20:19.893000+00:00,9515,1235,22,29.6,12.0
2024-05-19T13:21:41.812000+00:00,9515,1235,27,29.7,13.0
2024-05-19T13:32:27.700000+00:00,9515,1235,63,29.6,21.0
2024-05-19T13:33:39.268000+00:00,9515,1235,4,29.9,22.0
2024-05-19T13:35:08.129000+00:00,9515,1235,81,29.7,23.0
2024-05-19T13:36:17.100000+00:00,9515,1235,1,30.4,24.0
2024-05-19T13:37:31.686000+00:00,9515,1235,23,38.4,23.0
2024-05-19T13:37:46.511000+00:00,9515,1235,16,30.1,25.0
2024-05-19T13:38:27.998000+00:00,9515,1235,31,30.6,25.0
2024-05-19T13:40:34.603000+00:00,9515,1235,55,30.5,27.0
2024-05-19T13:40:44.324000+00:00,9515,1235,44,29.5,27.0
2024-05-19T13:44:56.973000+00:00,9515,1235,23,31.1,28.0
2024-05-19T13:45:37.321000+00:00,9515,1235,10,30.6,30.0
2024-05-19T13:47:00.196000+00:00,9515,1235,2,31.0,31.0
2024-05-19T13:49:40.143000+00:00,9515,1235,24,30.2,33.0
2024-05-19T13:54:46.675000+00:00,9515,1235,11,29.6,37.0
2024-05-19T13:54:52.888000+00:00,9515,1235,18,29.9,37.0
2024-05-19T13:55:08.067000+00:00,9515,1235,20,31.3,37.0
2024-05-19T13:59:34.672000+00:00,9515,1235,14,30.4,40.0
2024-05-19T14:14:52.415000+00:00,9515,1235,63,29.6,52.0
2024-05-19T14:25:53.783000+00:00,9515,1235,14,29.9,59.0
2024-05-26T13:44:08.648000+00:00,9523,1236,16,2358.0,1.0
2024-05-26T13:44:10.929000+00:00,9523,1236,81,2357.6,1.0
2024-05-26T13:44:15.005000+00:00,9523,1236,55,2327.0,1.0
2024-05-26T13:44:20.326000+00:00,9523,1236,4,2365.5,1.0
2024-05-26T13:44:26.200000+00:00,9523,1236,63,2369.3,1.0
2024-05-26T13:44:31.202000+00:00,9523,1236,1,2372.6,1.0
2024-05-26T13:44:36.048000+00:00,9523,1236,44,2375.3,1.0
2024-05-26T13:44:40.843000+00:00,9523,1236,22,2377.5,1.0
2024-05-26T13:44:47.191000+00:00,9523,1236,23,2381.3,1.0
2024-05-26T13:44:50.012000+00:00,9523,1236,10,2381.8,1.0
2024-05-26T13:44:55.032000+00:00,9523,1236,18,2383.5,1.0
2024-05-26T13:45:00.056000+00:00,9523,1236,3,2385.8,1.0
2024-05-26T13:45:05.469000+00:00,9523,1236,14,2389.4,1.0
2024-05-26T13:45:09.110000+00:00,9523,1236,2,2391.6,1.0
2024-05-26T13:45:13.910000+00:00,9523,1236,77,2394.0,1.0
2024-05-26T13:45:18.455000+00:00,9523,1236,24,2386.4,1.0
2024-05-26T14:05:22.140000+00:00,9523,1236,77,24.2,15.0
2024-05-26T14:41:30.599000+00:00,9523,1236,18,24.1,42.0
2024-05-26T14:49:56.313000+00:00,9523,1236,18,28.2,48.0
2024-05-26T14:52:35.455000+00:00,9523,1236,44,24.2,51.0
2024-05-26T14:53:50.854000+00:00,9523,1236,1,23.8,52.0
2024-05-26T15:02:08.732000+00:00,9523,1236,2,24.3,57.0
2024-05-26T15:19:29.604000+00:00,9523,1236,24,24.3,70.0
2024-06-09T18:14:57.067000+00:00,9531,1237,20,30.4,7.0
2024-06-09T18:22:58.338000+00:00,9531,1237,27,24.2,12.0
2024-06-09T18:41:08.894000+00:00,9531,1237,24,25.5,24.0
2024-06-09T18:41:16.833000+00:00,9531,1237,1,24.3,25.0
2024-06-09T18:41:17.188000+00:00,9531,1237,63,24.0,25.0
2024-06-09T18:41:18.206000+00:00,9531,1237,81,23.9,25.0
2024-06-09T18:41:37.963000+00:00,9531,1237,44,23.7,25.0
2024-06-09T18:41:39.235000+00:00,9531,1237,14,25.7,25.0
2024-06-09T18:42:12.056000+00:00,9531,1237,18,24.2,25.0
2024-06-09T18:42:19.997000+00:00,9531,1237,23,24.7,25.0
2024-06-09T18:42:23.162000+00:00,9531,1237,16,24.0,25.0
2024-06-09T18:42:30.087000+00:00,9531,1237,55,27.6,25.0
2024-06-09T18:42:30.955000+00:00,9531,1237,20,26.7,25.0
2024-06-09T18:42:31.911000+00:00,9531,1237,10,24.9,25.0
2024-06-09T18:42:43.648000+00:00,9531,1237,11,33.7,25.0
2024-06-09T18:42:46.791000+00:00,9531,1237,27,24.6,25.0
2024-06-09T18:43:08.307000+00:00,9531,1237,4,23.4,26.0
2024-06-09T18:44:07.949000+00:00,9531,1237,3,30.2,26.0
2024-06-09T18:48:19.047000+00:00,9531,1237,16,47.1,28.0
2024-06-09T18:53:57.163000+00:00,9531,1237,16,24.6,31.0
2024-06-09T19:06:20.775000+00:00,9531,1237,10,24.4,40.0
2024-06-09T19:07:49.606000+00:00,9531,1237,20,24.8,41.0
2024-06-09T19:09:10.865000+00:00,9531,1237,77,24.9,42.0
2024-06-09T19:10:11.665000+00:00,9531,1237,44,24.2,43.0
2024-06-09T19:10:34.901000+00:00,9531,1237,3,23.8,43.0
2024-06-09T19:10:37.059000+00:00,9531,1237,55,24.1,43.0
2024-06-09T19:10:37.798000+00:00,9531,1237,11,24.4,43.0
2024-06-09T19:11:34.047000+00:00,9531,1237,81,23.4,44.0
2024-06-09T19:11:48.531000+00:00,9531,1237,14,24.3,44.0
2024-06-09T19:11:52.689000+00:00,9531,1237,22,25.5,44.0
2024-06-09T19:11:55.703000+00:00,9531,1237,18,25.0,44.0
2024-06-09T19:11:57.263000+00:00,9531,1237,31,24.4,44.0
2024-06-09T19:11:59.794000+00:00,9531,1237,23,24.8,44.0
2024-06-09T19:12:08.566000+00:00,9531,1237,27,24.7,44.0
2024-06-09T19:12:53.824000+00:00,9531,1237,1,24.2,45.0
2024-06-09T19:12:57.884000+00:00,9531,1237,63,25.4,45.0
2024-06-09T19:12:59.918000+00:00,9531,1237,24,65.5,44.0
2024-06-09T19:15:43.631000+00:00,9531,1237,4,23.9,47.0
2024-06-09T19:25:31.543000+00:00,9531,1237,24,28.3,52.0
2024-06-09T19:25:48.175000+00:00,9531,1237,63,28.1,54.0
2024-06-09T19:25:54.234000+00:00,9531,1237,44,28.8,54.0
2024-06-09T19:26:52.500000+00:00,9531,1237,20,26.8,54.0
2024-06-23T13:16:10.214000+00:00,9539,1238,24,22.5,9.0
2024-06-23T13:16:11.335000+00:00,9539,1238,22,22.0,9.0
2024-06-23T13:17:32.083000+00:00,9539,1238,20,23.3,10.0
2024-06-23T13:18:51.710000+00:00,9539,1238,77,22.7,11.0
2024-06-23T13:20:08.058000+00:00,9539,1238,27,22.7,12.0
2024-06-23T13:21:25.661000+00:00,9539,1238,31,21.8,13.0
2024-06-23T13:21:28.108000+00:00,9539,1238,11,22.1,13.0
2024-06-23T13:22:46.357000+00:00,9539,1238,10,26.0,14.0
2024-06-23T13:23:07.967000+00:00,9539,1238,2,22.4,14.0
2024-06-23T13:23:59.253000+00:00,9539,1238,63,25.0,15.0
2024-06-23T13:23:59.579000+00:00,9539,1238,55,22.1,15.0
2024-06-23T13:25:20.180000+00:00,9539,1238,44,21.8,16.0
2024-06-23T13:25:47.108000+00:00,9539,1238,3,22.3,16.0
2024-06-23T13:26:33.819000+00:00,9539,1238,1,21.5,17.0
2024-06-23T13:27:01.983000+00:00,9539,1238,18,21.8,17.0
2024-06-23T13:28:39.113000+00:00,9539,1238,23,23.2,18.0
2024-06-23T13:29:48.043000+00:00,9539,1238,14,21.9,19.0
2024-06-23T13:32:17.699000+00:00,9539,1238,81,22.2,21.0
2024-06-23T13:34:43.606000+00:00,9539,1238,4,21.6,23.0
2024-06-23T13:36:12.078000+00:00,9539,1238,16,22.2,24.0
2024-06-23T13:41:07.510000+00:00,9539,1238,22,22.0,27.0
2024-06-23T13:42:21.765000+00:00,9539,1238,77,22.9,28.0
2024-06-23T13:43:52.100000+00:00,9539,1238,20,28.9,29.0
2024-06-23T13:46:05.658000+00:00,9539,1238,11,21.4,31.0
2024-06-23T13:50:51.692000+00:00,9539,1238,2,22.5,34.0
2024-06-23T13:52:24.915000+00:00,9539,1238,63,22.7,36.0
2024-06-23T13:52:28.245000+00:00,9539,1238,55,22.2,36.0
2024-06-23T13:54:16.424000+00:00,9539,1238,31,21.9,37.0
2024-06-23T13:54:30.700000+00:00,9539,1238,18,23.3,37.0
2024-06-23T13:55:28.473000+00:00,9539,1238,10,21.6,38.0
2024-06-23T13:55:41.083000+00:00,9539,1238,27,22.5,38.0
2024-06-23T13:59:56.159000+00:00,9539,1238,24,24.2,41.0
2024-06-23T14:01:24.423000+00:00,9539,1238,3,22.1,42.0
2024-06-23T14:01:43.645000+00:00,9539,1238,44,21.6,43.0
2024-06-23T14:02:52.696000+00:00,9539,1238,1,22.3,44.0
2024-06-23T14:02:56.355000+00:00,9539,1238,23,21.8,43.0
2024-06-23T14:04:29.136000+00:00,9539,1238,22,22.5,44.0
2024-06-23T14:05:17.419000+00:00,9539,1238,14,22.5,45.0
2024-06-23T14:06:00.444000+00:00,9539,1238,81,22.4,46.0
2024-06-23T14:06:54.841000+00:00,9539,1238,4,22.6,47.0
2024-06-23T14:07:06.625000+00:00,9539,1238,16,21.6,47.0
2024-06-23T14:10:14.792000+00:00,9539,1238,11,21.4,49.0
2024-06-30T13:04:53.204000+00:00,9550,1239,16,31.9,1.0
2024-06-30T13:04:55.523000+00:00,9550,1239,2,31.7,1.0
2024-06-30T13:15:24.903000+00:00,9550,1239,20,21.5,10.0
2024-06-30T13:15:25.998000+00:00,9550,1239,3,21.5,10.0
2024-06-30T13:16:35.747000+00:00,9550,1239,27,22.3,11.0
2024-06-30T13:16:40.741000+00:00,9550,1239,14,21.4,11.0
2024-06-30T13:17:53.027000+00:00,9550,1239,23,21.8,12.0
2024-06-30T13:23:00.965000+00:00,9550,1239,16,21.6,16.0
2024-06-30T13:26:14.563000+00:00,9550,1239,31,22.2,19.0
2024-06-30T13:26:23.447000+00:00,9550,1239,77,21.9,19.0
2024-06-30T13:27:27.391000+00:00,9550,1239,10,21.4,20.0
2024-06-30T13:27:33.892000+00:00,9550,1239,18,21.3,20.0
2024-06-30T13:28:14.659000+00:00,9550,1239,2,22.5,20.0
2024-06-30T13:28:25.744000+00:00,9550,1239,44,21.5,21.0
2024-06-30T13:28:31.893000+00:00,9550,1239,11,21.2,21.0
2024-06-30T13:28:43.636000+00:00,9550,1239,22,21.2,21.0
2024-06-30T13:29:31.828000+00:00,9550,1239,63,21.6,22.0
2024-06-30T13:29:34.062000+00:00,9550,1239,55,21.2,22.0
2024-06-30T13:30:32.553000+00:00,9550,1239,1,21.8,23.0
2024-06-30T13:30:38.218000+00:00,9550,1239,4,21.6,23.0
2024-06-30T13:33:11.119000+00:00,9550,1239,81,20.9,25.0
2024-06-30T13:37:32.855000+00:00,9550,1239,24,23.1,28.0
2024-06-30T13:43:26.505000+00:00,9550,1239,16,22.2,33.0
2024-06-30T13:45:53.752000+00:00,9550,1239,14,33.9,35.0
2024-06-30T13:48:00.851000+00:00,9550,1239,3,21.0,37.0
2024-06-30T13:49:11.394000+00:00,9550,1239,20,21.8,38.0
2024-06-30T13:50:18.236000+00:00,9550,1239,27,21.8,39.0
2024-06-30T13:50:33.828000+00:00,9550,1239,23,21.6,39.0
2024-06-30T13:54:02.921000+00:00,9550,1239,10,22.0,42.0
2024-06-30T13:54:11.713000+00:00,9550,1239,77,21.9,42.0
2024-06-30T13:55:14.488000+00:00,9550,1239,31,21.2,43.0
2024-06-30T13:55:20.077000+00:00,9550,1239,18,21.3,43.0
2024-06-30T13:56:31.100000+00:00,9550,1239,22,23.4,44.0
2024-06-30T13:58:03.267000+00:00,9550,1239,63,21.2,46.0
2024-06-30T13:59:17.091000+00:00,9550,1239,55,21.2,47.0
2024-06-30T14:03:26.889000+00:00,9550,1239,2,22.0,49.0
2024-06-30T14:03:40.307000+00:00,9550,1239,1,25.8,51.0
2024-06-30T14:03:43.418000+00:00,9550,1239,4,21.4,51.0
2024-06-30T14:04:02.252000+00:00,9550,1239,81,20.7,51.0
2024-06-30T14:04:31.937000+00:00,9550,1239,11,27.5,51.0
2024-06-30T14:04:54.872000+00:00,9550,1239,16,20.9,51.0
2024-06-30T14:05:25.103000+00:00,9550,1239,24,21.5,51.0
2024-06-30T14:06:34.098000+00:00,9550,1239,44,27.2,53.0
2024-06-30T14:19:30.264000+00:00,9550,1239,1,22.7,64.0
2024-06-30T14:25:54.074000+00:00,9550,1239,14,22.4,68.0
2024-07-07T14:22:36.871000+00:00,9558,1240,24,29.1,12.0
2024-07-07T14:33:20.548000+00:00,9558,1240,16,28.4,19.0
2024-07-07T14:33:28.571000+00:00,9558,1240,11,28.3,19.0
2024-07-07T14:33:50.761000+00:00,9558,1240,31,28.4,19.0
2024-07-07T14:34:16.841000+00:00,9558,1240,24,29.8,19.0
2024-07-07T14:37:31.335000+00:00,9558,1240,31,28.2,21.0
2024-07-07T14:44:10.113000+00:00,9558,1240,1,28.3,26.0
2024-07-07T14:44:12.103000+00:00,9558,1240,55,29.1,26.0
2024-07-07T14:44:29.373000+00:00,9558,1240,27,29.4,26.0
2024-07-07T14:44:31.110000+00:00,9558,1240,18,29.0,26.0
2024-07-07T14:44:53.151000+00:00,9558,1240,3,28.8,26.0
2024-07-07T14:45:13.048000+00:00,9558,1240,77,30.6,26.0
2024-07-07T14:45:43.021000+00:00,9558,1240,4,28.6,27.0
2024-07-07T14:45:46.533000+00:00,9558,1240,44,28.9,27.0
2024-07-07T14:45:53.162000+00:00,9558,1240,63,32.0,27.0
2024-07-07T14:46:21.489000+00:00,9558,1240,14,29.3,27.0
2024-07-07T14:46:23.350000+00:00,9558,1240,22,30.0,27.0
2024-07-07T14:46:27.115000+00:00,9558,1240,31,29.2,26.0
2024-07-07T14:46:28.874000+00:00,9558,1240,23,34.7,27.0
2024-07-07T14:46:30.479000+00:00,9558,1240,20,30.3,27.0
2024-07-07T14:46:35.044000+00:00,9558,1240,2,32.8,27.0
2024-07-07T14:47:09.190000+00:00,9558,1240,24,29.1,26.0
2024-07-07T14:47:42.392000+00:00,9558,1240,81,29.5,28.0
2024-07-07T14:47:47.730000+00:00,9558,1240,16,29.2,27.0
2024-07-07T14:49:46.310000+00:00,9558,1240,11,32.3,28.0
2024-07-07T15:04:12.072000+00:00,9558,1240,20,29.8,37.0
2024-07-07T15:04:14.921000+00:00,9558,1240,3,29.8,37.0
2024-07-07T15:04:37.729000+00:00,9558,1240,77,31.5,37.0
2024-07-07T15:04:39.618000+00:00,9558,1240,44,30.0,38.0
2024-07-07T15:04:44.360000+00:00,9558,1240,1,29.0,38.0
2024-07-07T15:04:58.871000+00:00,9558,1240,81,29.2,38.0
2024-07-07T15:05:10.357000+00:00,9558,1240,16,29.1,37.0
2024-07-07T15:05:29.184000+00:00,9558,1240,11,29.3,37.0
2024-07-07T15:05:33.207000+00:00,9558,1240,14,29.6,38.0
2024-07-07T15:05:38.006000+00:00,9558,1240,22,29.6,38.0
2024-07-07T15:05:40.930000+00:00,9558,1240,23,29.4,38.0
2024-07-07T15:05:53.739000+00:00,9558,1240,2,29.4,38.0
2024-07-07T15:06:15.514000+00:00,9558,1240,4,30.3,39.0
2024-07-07T15:06:34.386000+00:00,9558,1240,24,33.0,37.0
2024-07-07T15:06:35.846000+00:00,9558,1240,55,29.0,39.0
2024-07-07T15:06:59.589000+00:00,9558,1240,27,30.2,39.0
2024-07-07T15:07:03.351000+00:00,9558,1240,18,29.4,39.0
2024-07-07T15:07:22.420000+00:00,9558,1240,31,29.0,38.0
2024-07-07T15:21:08.369000+00:00,9558,1240,11,28.8,47.0
2024-07-07T15:23:29.144000+00:00,9558,1240,55,28.7,50.0
2024-07-21T13:06:24.217000+00:00,9566,1241,27,22.2,2.0
2024-07-21T13:12:05.656000+00:00,9566,1241,23,22.0,6.0
2024-07-21T13:12:06.276000+00:00,9566,1241,20,21.8,6.0
2024-07-21T13:12:09.585000+00:00,9566,1241,31,21.8,6.0
2024-07-21T13:13:28.576000+00:00,9566,1241,14,22.5,7.0
2024-07-21T13:13:29.972000+00:00,9566,1241,3,21.0,7.0
2024-07-21T13:13:37.622000+00:00,9566,1241,24,21.9,7.0
2024-07-21T13:15:00.663000+00:00,9566,1241,2,21.7,8.0
2024-07-21T13:23:25.719000+00:00,9566,1241,18,23.2,14.0
2024-07-21T13:25:58.070000+00:00,9566,1241,44,21.3,16.0
2024-07-21T13:26:20.677000+00:00,9566,1241,77,22.1,16.0
2024-07-21T13:27:17.491000+00:00,9566,1241,4,21.8,17.0
2024-07-21T13:28:37.926000+00:00,9566,1241,81,21.6,18.0
2024-07-21T13:33:00.759000+00:00,9566,1241,1,22.1,21.0
2024-07-21T13:33:09.169000+00:00,9566,1241,55,21.6,21.0
2024-07-21T13:35:53.032000+00:00,9566,1241,16,21.8,23.0
2024-07-21T13:43:25.912000+00:00,9566,1241,11,21.3,28.0
2024-07-21T13:43:38.770000+00:00,9566,1241,10,21.4,28.0
2024-07-21T13:43:45.142000+00:00,9566,1241,3,21.3,28.0
2024-07-21T13:44:49.927000+00:00,9566,1241,22,21.4,29.0
2024-07-21T13:45:08.414000+00:00,9566,1241,27,22.4,29.0
2024-07-21T13:45:10.742000+00:00,9566,1241,23,23.4,29.0
2024-07-21T13:46:39.865000+00:00,9566,1241,31,21.4,30.0
2024-07-21T13:50:31.708000+00:00,9566,1241,63,21.3,33.0
2024-07-21T13:50:56.807000+00:00,9566,1241,2,21.3,33.0
2024-07-21T13:52:20.306000+00:00,9566,1241,20,22.5,34.0
2024-07-21T13:55:25.996000+00:00,9566,1241,24,22.1,36.0
2024-07-21T13:56:19.367000+00:00,9566,1241,14,21.8,37.0
2024-07-21T13:59:50.770000+00:00,9566,1241,44,21.9,40.0
2024-07-21T13:59:51.867000+00:00,9566,1241,16,21.7,40.0
2024-07-21T14:06:40.704000+00:00,9566,1241,4,21.2,45.0
2024-07-21T14:07:40.324000+00:00,9566,1241,18,22.2,45.0
2024-07-21T14:07:58.265000+00:00,9566,1241,77,21.9,45.0
2024-07-21T14:09:27.380000+00:00,9566,1241,81,21.8,47.0
2024-07-21T14:09:45.943000+00:00,9566,1241,55,21.4,47.0
2024-07-21T14:10:07.588000+00:00,9566,1241,11,21.0,47.0
2024-07-21T14:12:24.668000+00:00,9566,1241,1,21.3,49.0
2024-07-21T14:18:26.955000+00:00,9566,1241,63,21.3,53.0
2024-07-21T14:33:45.149000+00:00,9566,1241,2,21.9,63.0
2024-07-21T14:35:08.797000+00:00,9566,1241,31,21.3,64.0
2024-07-28T13:17:24.624000+00:00,9574,1242,27,23.5,7.0
2024-07-28T13:19:10.060000+00:00,9574,1242,23,23.6,8.0
2024-07-28T13:19:12.907000+00:00,9574,1242,3,22.6,8.0
2024-07-28T13:19:19.028000+00:00,9574,1242,2,23.3,8.0
2024-07-28T13:21:03.384000+00:00,9574,1242,10,22.9,9.0
2024-07-28T13:22:42.566000+00:00,9574,1242,63,22.6,10.0
2024-07-28T13:22:45.409000+00:00,9574,1242,1,23.2,10.0
2024-07-28T13:24:25.722000+00:00,9574,1242,44,23.1,11.0
2024-07-28T13:24:30.065000+00:00,9574,1242,11,22.6,11.0
2024-07-28T13:24:31.174000+00:00,9574,1242,81,22.6,11.0
2024-07-28T13:24:45.955000+00:00,9574,1242,77,23.1,11.0
2024-07-28T13:26:17.756000+00:00,9574,1242,16,22.9,12.0
2024-07-28T13:26:35.403000+00:00,9574,1242,31,23.3,12.0
2024-07-28T13:26:38.729000+00:00,9574,1242,18,23.0,12.0
2024-07-28T13:28:22.402000+00:00,9574,1242,14,23.0,13.0
2024-07-28T13:31:52.973000+00:00,9574,1242,4,22.6,15.0
2024-07-28T13:32:19.721000+00:00,9574,1242,22,23.4,15.0
2024-07-28T13:35:57.049000+00:00,9574,1242,20,23.6,17.0
2024-07-28T13:40:57.194000+00:00,9574,1242,55,23.0,20.0
2024-07-28T13:41:36.270000+00:00,9574,1242,27,23.2,20.0
2024-07-28T13:42:57.879000+00:00,9574,1242,11,22.6,21.0
2024-07-28T13:43:18.205000+00:00,9574,1242,3,22.3,21.0
2024-07-28T13:46:57.912000+00:00,9574,1242,23,23.1,23.0
2024-07-28T13:49:10.623000+00:00,9574,1242,2,23.6,24.0
2024-07-28T13:50:03.231000+00:00,9574,1242,16,23.3,25.0
2024-07-28T13:51:47.753000+00:00,9574,1242,44,22.7,26.0
2024-07-28T13:55:34.221000+00:00,9574,1242,1,22.9,28.0
2024-07-28T13:55:40.948000+00:00,9574,1242,55,23.0,28.0
2024-07-28T13:56:09.349000+00:00,9574,1242,10,22.8,28.0
2024-07-28T13:57:22.371000+00:00,9574,1242,4,22.6,29.0
2024-07-28T13:59:03.646000+00:00,9574,1242,81,24.1,30.0
2024-07-28T13:59:38.848000+00:00,9574,1242,31,23.5,30.0
2024-07-28T14:08:54.722000+00:00,9574,1242,77,22.9,35.0
2024-07-28T14:21:03.852000+00:00,9574,1242,11,22.6,42.0
2024-08-25T13:19:18.319000+00:00,9582,1243,23,21.2,12.0
2024-08-25T13:21:48.477000+00:00,9582,1243,27,21.6,14.0
2024-08-25T13:21:48.821000+00:00,9582,1243,22,21.2,14.0
2024-08-25T13:23:11.905000+00:00,9582,1243,77,21.0,15.0
2024-08-25T13:27:15.008000+00:00,9582,1243,24,21.2,18.0
2024-08-25T13:32:23.447000+00:00,9582,1243,2,22.0,22.0
2024-08-25T13:33:18.033000+00:00,9582,1243,44,21.1,23.0
2024-08-25T13:34:18.648000+00:00,9582,1243,16,20.8,24.0
2024-08-25T13:35:34.224000+00:00,9582,1243,63,21.8,25.0
2024-08-25T13:38:00.708000+00:00,9582,1243,1,20.7,27.0
2024-08-25T13:39:10.796000+00:00,9582,1243,4,21.5,28.0
2024-08-25T13:40:46.942000+00:00,9582,1243,11,22.9,29.0
2024-08-25T13:41:13.508000+00:00,9582,1243,3,20.9,29.0
2024-08-25T13:42:03.037000+00:00,9582,1243,55,20.8,30.0
2024-08-25T13:42:27.754000+00:00,9582,1243,18,21.3,30.0
2024-08-25T13:42:38.935000+00:00,9582,1243,31,21.0,30.0
2024-08-25T13:43:41.426000+00:00,9582,1243,14,21.3,31.0
2024-08-25T13:44:54.767000+00:00,9582,1243,10,22.6,32.0
2024-08-25T13:45:12.246000+00:00,9582,1243,22,20.8,32.0
2024-08-25T13:45:43.994000+00:00,9582,1243,81,20.9,33.0
2024-08-25T13:55:32.659000+00:00,9582,1243,20,21.4,40.0
2024-08-25T13:59:34.144000+00:00,9582,1243,77,21.2,43.0
2024-08-25T14:05:02.172000+00:00,9582,1243,44,21.0,48.0
2024-08-25T14:10:20.051000+00:00,9582,1243,24,22.0,51.0
2024-08-25T14:12:24.747000+00:00,9582,1243,63,21.1,54.0
2024-08-25T14:13:22.343000+00:00,9582,1243,23,21.0,54.0
2024-09-01T13:11:37.491000+00:00,9590,1244,27,38.8,5.0
2024-09-01T13:18:33.172000+00:00,9590,1244,10,24.3,10.0
2024-09-01T13:19:55.341000+00:00,9590,1244,63,32.6,11.0
2024-09-01T13:20:02.519000+00:00,9590,1244,3,30.3,11.0
2024-09-01T13:21:19.343000+00:00,9590,1244,14,24.8,12.0
2024-09-01T13:23:51.408000+00:00,9590,1244,4,24.1,14.0
2024-09-01T13:24:14.191000+00:00,9590,1244,20,25.6,14.0
2024-09-01T13:25:17.176000+00:00,9590,1244,16,24.5,15.0
2024-09-01T13:25:23.746000+00:00,9590,1244,44,24.4,15.0
2024-09-01T13:25:55.958000+00:00,9590,1244,24,27.1,15.0
2024-09-01T13:26:37.919000+00:00,9590,1244,81,23.7,16.0
2024-09-01T13:27:16.390000+00:00,9590,1244,43,25.1,16.0
2024-09-01T13:28:30.112000+00:00,9590,1244,23,24.8,17.0
2024-09-01T13:31:02.505000+00:00,9590,1244,55,24.3,19.0
2024-09-01T13:31:32.794000+00:00,9590,1244,18,24.9,19.0
2024-09-01T13:35:25.550000+00:00,9590,1244,1,28.1,22.0
2024-09-01T13:36:51.246000+00:00,9590,1244,11,24.7,23.0
2024-09-01T13:47:30.599000+00:00,9590,1244,10,24.2,30.0
2024-09-01T13:48:44.910000+00:00,9590,1244,31,24.1,31.0
2024-09-01T13:49:24.643000+00:00,9590,1244,4,24.8,32.0
2024-09-01T13:50:42.556000+00:00,9590,1244,27,36.5,32.0
2024-09-01T13:51:18.271000+00:00,9590,1244,63,26.2,33.0
2024-09-01T13:51:49.466000+00:00,9590,1244,77,24.4,33.0
2024-09-01T13:54:02.598000+00:00,9590,1244,11,24.0,35.0
2024-09-01T13:54:20.055000+00:00,9590,1244,14,24.5,35.0
2024-09-01T13:56:01.044000+00:00,9590,1244,18,24.2,36.0
2024-09-01T13:56:35.902000+00:00,9590,1244,44,24.1,37.0
2024-09-01T13:57:41.127000+00:00,9590,1244,81,24.6,38.0
2024-09-01T14:02:19.148000+00:00,9590,1244,1,24.1,41.0
2024-09-01T14:16:07.298000+00:00,9590,1244,18,25.2,50.0
2024-09-15T11:06:42.160000+00:00,9598,1245,18,21.1,1.0
2024-09-15T11:23:01.011000+00:00,9598,1245,43,20.5,10.0
2024-09-15T11:24:48.471000+00:00,9598,1245,14,20.0,11.0
2024-09-15T11:25:22.131000+00:00,9598,1245,77,20.0,11.0
2024-09-15T11:26:32.458000+00:00,9598,1245,1,21.1,12.0
2024-09-15T11:26:35.450000+00:00,9598,1245,63,19.9,12.0
2024-09-15T11:26:55.973000+00:00,9598,1245,44,21.2,12.0
2024-09-15T11:27:15.657000+00:00,9598,1245,22,20.9,12.0
2024-09-15T11:28:13.148000+00:00,9598,1245,11,20.6,13.0
2024-09-15T11:30:31.510000+00:00,9598,1245,50,21.2,14.0
2024-09-15T11:31:49.530000+00:00,9598,1245,81,20.1,15.0
2024-09-15T11:32:19.677000+00:00,9598,1245,27,21.6,15.0
2024-09-15T11:33:34.615000+00:00,9598,1245,16,20.6,16.0
2024-09-15T11:35:33.370000+00:00,9598,1245,55,21.4,17.0
2024-09-15T11:45:38.278000+00:00,9598,1245,18,20.2,22.0
2024-09-15T12:01:15.716000+00:00,9598,1245,23,20.2,31.0
2024-09-15T12:07:33.526000+00:00,9598,1245,24,20.5,34.0
2024-09-15T12:12:01.387000+00:00,9598,1245,4,19.7,37.0
2024-09-15T12:33:34.735000+00:00,9598,1245,1,20.7,49.0
2024-09-15T12:34:35.128000+00:00,9598,1245,3,21.9,49.0
2024-09-15T12:35:03.839000+00:00,9598,1245,31,20.6,49.0
2024-09-15T12:36:40.927000+00:00,9598,1245,10,20.2,50.0
2024-09-22T12:21:17.341000+00:00,9606,1246,3,30.3,10.0
2024-09-22T12:22:52.705000+00:00,9606,1246,23,29.1,11.0
2024-09-22T12:26:07.271000+00:00,9606,1246,55,29.3,13.0
2024-09-22T12:32:24.811000+00:00,9606,1246,44,29.2,17.0
2024-09-22T12:45:51.540000+00:00,9606,1246,14,29.2,25.0
2024-09-22T12:48:02.117000+00:00,9606,1246,18,29.8,26.0
2024-09-22T12:48:51.363000+00:00,9606,1246,63,28.7,27.0
2024-09-22T12:50:55.951000+00:00,9606,1246,11,28.9,28.0
2024-09-22T12:51:17.715000+00:00,9606,1246,20,29.7,28.0
2024-09-22T12:51:58.937000+00:00,9606,1246,1,29.6,29.0
2024-09-22T12:52:30.694000+00:00,9606,1246,27,29.8,29.0
2024-09-22T12:52:32.748000+00:00,9606,1246,43,29.7,29.0
2024-09-22T12:52:52.879000+00:00,9606,1246,31,29.6,29.0
2024-09-22T12:53:14.632000+00:00,9606,1246,4,29.0,30.0
2024-09-22T12:59:24.565000+00:00,9606,1246,22,29.6,33.0
2024-09-22T12:59:53.659000+00:00,9606,1246,77,30.4,33.0
2024-09-22T13:01:31.680000+00:00,9606,1246,24,29.3,34.0
2024-09-22T13:03:59.209000+00:00,9606,1246,16,29.0,36.0
2024-09-22T13:06:36.761000+00:00,9606,1246,10,31.5,37.0
2024-09-22T13:06:52.128000+00:00,9606,1246,81,29.1,38.0
2024-09-22T13:21:28.626000+00:00,9606,1246,3,29.0,46.0
2024-09-22T13:27:24.320000+00:00,9606,1246,20,31.2,49.0
2024-09-22T13:41:28.946000+00:00,9606,1246,3,29.6,58.0
2024-10-20T19:10:15.423000+00:00,9617,1247,23,34.9,3.0
2024-10-20T19:28:47.759000+00:00,9617,1247,24,24.4,13.0
2024-10-20T19:32:04.604000+00:00,9617,1247,77,24.4,15.0
2024-10-20T19:35:15.366000+00:00,9617,1247,20,23.9,17.0
2024-10-20T19:36:58.450000+00:00,9617,1247,10,28.2,18.0
2024-10-20T19:37:00.531000+00:00,9617,1247,22,24.1,18.0
2024-10-20T19:41:37.892000+00:00,9617,1247,55,23.9,21.0
2024-10-20T19:48:17.296000+00:00,9617,1247,1,24.2,25.0
2024-10-20T19:49:45.215000+00:00,9617,1247,16,23.8,26.0
2024-10-20T19:50:21.610000+00:00,9617,1247,11,23.5,26.0
2024-10-20T19:50:40.041000+00:00,9617,1247,14,24.2,26.0
2024-10-20T19:52:06.021000+00:00,9617,1247,27,24.5,27.0
2024-10-20T19:52:32.990000+00:00,9617,1247,18,26.3,27.0
2024-10-20T19:58:17.192000+00:00,9617,1247,4,23.7,31.0
2024-10-20T19:59:12.033000+00:00,9617,1247,31,24.1,31.0
2024-10-20T20:00:02.922000+00:00,9617,1247,81,24.1,32.0
2024-10-20T20:02:42.744000+00:00,9617,1247,23,24.3,33.0
2024-10-20T20:06:24.964000+00:00,9617,1247,24,24.8,35.0
2024-10-20T20:07:16.829000+00:00,9617,1247,30,23.8,36.0
2024-10-20T20:10:43.383000+00:00,9617,1247,20,24.0,38.0
2024-10-20T20:12:21.060000+00:00,9617,1247,43,23.9,39.0
2024-10-20T20:13:46.532000+00:00,9617,1247,63,29.3,40.0
2024-10-20T20:32:58.842000+00:00,9617,1247,31,26.1,51.0
2024-10-27T20:36:23.336000+00:00,9625,1248,11,27.7,20.0
2024-10-27T20:44:27.853000+00:00,9625,1248,1,43.7,26.0
2024-10-27T20:44:40.117000+00:00,9625,1248,18,22.5,26.0
2024-10-27T20:47:06.135000+00:00,9625,1248,44,22.5,28.0
2024-10-27T20:47:19.832000+00:00,9625,1248,10,23.2,28.0
2024-10-27T20:48:39.546000+00:00,9625,1248,27,23.0,29.0
2024-10-27T20:49:37.650000+00:00,9625,1248,4,22.1,30.0
2024-10-27T20:50:00.714000+00:00,9625,1248,20,23.3,30.0
2024-10-27T20:50:53.944000+00:00,9625,1248,16,22.8,31.0
2024-10-27T20:51:07.569000+00:00,9625,1248,63,22.4,31.0
2024-10-27T20:52:06.323000+00:00,9625,1248,55,22.2,32.0
2024-10-27T21:02:31.923000+00:00,9625,1248,81,21.8,39.0
2024-10-27T21:02:38.313000+00:00,9625,1248,30,22.5,39.0
2024-10-27T21:08:33.292000+00:00,9625,1248,24,22.9,43.0
2024-10-27T21:08:36.612000+00:00,9625,1248,11,22.1,43.0
2024-10-27T21:13:46.967000+00:00,9625,1248,43,23.8,47.0
2024-10-27T21:15:22.916000+00:00,9625,1248,31,23.2,48.0
2024-10-27T21:16:39.185000+00:00,9625,1248,77,22.5,49.0
2024-10-27T21:38:46.077000+00:00,9625,1248,30,30.2,65.0
2024-10-27T21:42:27.842000+00:00,9625,1248,16,22.6,69.0
2024-10-27T21:43:03.974000+00:00,9625,1248,11,21.9,68.0
2024-11-03T16:24:31.631000+00:00,9636,1249,16,24.5,24.0
2024-11-03T16:26:10.413000+00:00,9636,1249,27,25.3,25.0
2024-11-03T16:27:49.196000+00:00,9636,1249,43,25.2,26.0
2024-11-03T16:29:04.218000+00:00,9636,1249,81,26.0,27.0
2024-11-03T16:29:06.838000+00:00,9636,1249,14,25.1,27.0
2024-11-03T16:29:21.075000+00:00,9636,1249,44,25.2,27.0
2024-11-03T16:29:28.104000+00:00,9636,1249,55,25.9,27.0
2024-11-03T16:29:29.277000+00:00,9636,1249,50,35.7,27.0
2024-11-03T16:29:31.909000+00:00,9636,1249,11,26.6,27.0
2024-11-03T16:29:58.131000+00:00,9636,1249,24,25.2,27.0
2024-11-03T16:30:26.235000+00:00,9636,1249,63,25.6,28.0
2024-11-03T16:30:26.835000+00:00,9636,1249,4,24.7,28.0
2024-11-03T16:30:42.947000+00:00,9636,1249,22,25.4,28.0
2024-11-03T16:31:04.276000+00:00,9636,1249,30,28.1,28.0
2024-11-03T16:32:05.918000+00:00,9636,1249,24,27.0,28.0
2024-11-03T16:32:21.001000+00:00,9636,1249,27,58.9,27.0
2024-11-03T16:35:28.479000+00:00,9636,1249,43,25.2,30.0
2024-11-03T16:36:46.859000+00:00,9636,1249,27,28.5,29.0
2024-11-03T17:00:06.199000+00:00,9636,1249,24,1283.1,31.0
2024-11-03T17:02:07.040000+00:00,9636,1249,31,1408.6,32.0
2024-11-03T17:02:09.788000+00:00,9636,1249,1,1409.3,32.0
2024-11-03T17:02:13.315000+00:00,9636,1249,10,1407.5,32.0
2024-11-03T17:02:22.123000+00:00,9636,1249,4,1415.3,32.0
2024-11-03T17:02:27.963000+00:00,9636,1249,63,1415.8,32.0
2024-11-03T17:02:32.857000+00:00,9636,1249,22,1419.0,32.0
2024-11-03T17:02:36.466000+00:00,9636,1249,16,1420.2,32.0
2024-11-03T17:02:39.343000+00:00,9636,1249,81,1420.2,32.0
2024-11-03T17:02:44.066000+00:00,9636,1249,14,1422.8,32.0
2024-11-03T17:02:46.841000+00:00,9636,1249,30,1422.7,32.0
2024-11-03T17:02:51.473000+00:00,9636,1249,44,1425.7,32.0
2024-11-03T17:02:53.242000+00:00,9636,1249,77,1422.0,32.0
2024-11-03T17:02:57.164000+00:00,9636,1249,55,1424.6,32.0
2024-11-03T17:02:59.628000+00:00,9636,1249,11,1425.2,32.0
2024-11-03T17:03:01.408000+00:00,9636,1249,50,1424.7,32.0
2024-11-03T17:03:04.663000+00:00,9636,1249,24,68.5,32.0
2024-11-24T06:10:57.558000+00:00,9644,1250,14,21.4,4.0
2024-11-24T06:19:06.103000+00:00,9644,1250,16,21.3,9.0
2024-11-24T06:19:07.454000+00:00,9644,1250,4,21.1,9.0
2024-11-24T06:19:18.738000+00:00,9644,1250,23,22.0,9.0
2024-11-24T06:19:32.958000+00:00,9644,1250,18,34.8,9.0
2024-11-24T06:20:42.682000+00:00,9644,1250,55,21.0,10.0
2024-11-24T06:20:51.180000+00:00,9644,1250,22,21.1,10.0
2024-11-24T06:20:51.632000+00:00,9644,1250,10,22.1,10.0
2024-11-24T06:20:58.443000+00:00,9644,1250,81,27.7,10.0
2024-11-24T06:22:21.252000+00:00,9644,1250,1,20.6,11.0
2024-11-24T06:22:29.432000+00:00,9644,1250,31,15.7,11.0
2024-11-24T06:22:38.005000+00:00,9644,1250,24,22.9,11.0
2024-11-24T06:22:39.235000+00:00,9644,1250,30,21.0,11.0
2024-11-24T06:23:51.460000+00:00,9644,1250,63,21.0,12.0
2024-11-24T06:24:29.702000+00:00,9644,1250,31,21.1,12.0
2024-11-24T06:25:45.795000+00:00,9644,1250,44,21.0,13.0
2024-11-24T06:27:37.671000+00:00,9644,1250,27,21.5,14.0
2024-11-24T06:31:11.804000+00:00,9644,1250,43,21.1,16.0
2024-11-24T06:32:42.344000+00:00,9644,1250,11,21.2,17.0
2024-11-24T06:32:53.883000+00:00,9644,1250,20,21.9,17.0
2024-11-24T06:32:56.630000+00:00,9644,1250,77,21.6,17.0
2024-11-24T06:44:31.415000+00:00,9644,1250,14,21.4,24.0
2024-11-24T06:45:59.641000+00:00,9644,1250,81,21.0,25.0
2024-11-24T06:47:56.658000+00:00,9644,1250,43,21.2,26.0
2024-11-24T06:48:53.278000+00:00,9644,1250,1,22.2,27.0
2024-11-24T06:48:56.296000+00:00,9644,1250,44,21.3,27.0
2024-11-24T06:50:36.165000+00:00,9644,1250,55,20.8,28.0
2024-11-24T06:51:18.045000+00:00,9644,1250,18,21.5,28.0
2024-11-24T06:52:35.716000+00:00,9644,1250,22,21.2,29.0
2024-11-24T06:54:01.935000+00:00,9644,1250,4,20.6,30.0
2024-11-24T06:55:28.138000+00:00,9644,1250,16,21.5,31.0
2024-11-24T06:56:48.229000+00:00,9644,1250,63,20.9,32.0
2024-11-24T06:57:40.712000+00:00,9644,1250,11,21.0,32.0
2024-11-24T06:59:11.824000+00:00,9644,1250,27,21.7,33.0
2024-11-24T07:01:07.357000+00:00,9644,1250,24,21.7,34.0
2024-11-24T07:03:11.850000+00:00,9644,1250,77,22.8,35.0
2024-11-24T07:07:50.118000+00:00,9644,1250,30,20.6,38.0
2024-11-24T07:19:22.107000+00:00,9644,1250,31,21.8,45.0
2024-11-24T07:23:20.710000+00:00,9644,1250,4,21.0,48.0
2024-12-01T16:06:15.984000+00:00,9655,1251,18,29.7,1.0
2024-12-01T16:06:47.675000+00:00,9655,1251,27,32.9,1.0
2024-12-01T16:18:02.013000+00:00,9655,1251,18,41.6,7.0
2024-12-01T16:40:26.258000+00:00,9655,1251,63,32.3,23.0
2024-12-01T16:42:26.285000+00:00,9655,1251,77,29.0,24.0
2024-12-01T16:46:33.321000+00:00,9655,1251,20,28.5,27.0
2024-12-01T16:52:37.389000+00:00,9655,1251,27,28.3,31.0
2024-12-01T16:55:56.582000+00:00,9655,1251,81,27.8,34.0
2024-12-01T16:56:29.491000+00:00,9655,1251,55,36.1,34.0
2024-12-01T16:57:12.609000+00:00,9655,1251,1,28.3,35.0
2024-12-01T16:57:15.033000+00:00,9655,1251,44,37.9,34.0
2024-12-01T16:57:16.206000+00:00,9655,1251,4,28.0,35.0
2024-12-01T16:57:32.593000+00:00,9655,1251,16,28.4,35.0
2024-12-01T16:57:58.652000+00:00,9655,1251,11,28.0,35.0
2024-12-01T16:58:20.107000+00:00,9655,1251,10,28.7,35.0
2024-12-01T16:58:28.223000+00:00,9655,1251,63,27.8,35.0
2024-12-01T16:58:30.387000+00:00,9655,1251,14,28.6,35.0
2024-12-01T16:58:33.627000+00:00,9655,1251,24,29.0,35.0
2024-12-01T16:58:53.413000+00:00,9655,1251,22,29.0,35.0
2024-12-01T16:58:55.760000+00:00,9655,1251,23,29.1,35.0
2024-12-01T16:59:14.267000+00:00,9655,1251,30,45.0,35.0
2024-12-01T16:59:57.391000+00:00,9655,1251,1,23.8,36.0
2024-12-01T16:59:58.493000+00:00,9655,1251,44,23.4,35.0
2024-12-01T17:00:03.433000+00:00,9655,1251,4,25.5,36.0
2024-12-01T17:00:05.354000+00:00,9655,1251,77,28.9,35.0
2024-12-01T17:00:06.458000+00:00,9655,1251,16,25.6,36.0
2024-12-01T17:00:07.448000+00:00,9655,1251,81,22.8,36.0
2024-12-01T17:00:16.876000+00:00,9655,1251,11,22.7,36.0
2024-12-01T17:00:36.113000+00:00,9655,1251,10,22.7,36.0
2024-12-01T17:00:45.252000+00:00,9655,1251,63,22.7,36.0
2024-12-01T17:00:47.867000+00:00,9655,1251,55,22.7,36.0
2024-12-01T17:00:53.207000+00:00,9655,1251,24,23.2,36.0
2024-12-01T17:00:56.594000+00:00,9655,1251,14,28.5,36.0
2024-12-01T17:00:56.690000+00:00,9655,1251,20,22.6,36.0
2024-12-01T17:01:10.357000+00:00,9655,1251,22,22.7,36.0
2024-12-01T17:01:11.986000+00:00,9655,1251,23,22.7,36.0
2024-12-01T17:01:14.642000+00:00,9655,1251,27,23.8,36.0
2024-12-01T17:01:31.396000+00:00,9655,1251,30,22.7,36.0
2024-12-01T17:02:44.854000+00:00,9655,1251,1,22.7,37.0
2024-12-01T17:02:50.788000+00:00,9655,1251,44,26.8,36.0
2024-12-01T17:02:53.341000+00:00,9655,1251,4,28.7,37.0
2024-12-01T17:02:54.439000+00:00,9655,1251,77,28.1,36.0
2024-12-01T17:02:56.722000+00:00,9655,1251,16,28.9,37.0
2024-12-01T17:02:58.699000+00:00,9655,1251,81,29.3,37.0
2024-12-01T17:03:00.768000+00:00,9655,1251,11,29.4,37.0
2024-12-01T17:03:04.251000+00:00,9655,1251,10,30.4,37.0
2024-12-01T17:03:08.929000+00:00,9655,1251,63,34.0,37.0
2024-12-01T17:03:10.610000+00:00,9655,1251,55,34.3,37.0
2024-12-01T17:03:12.770000+00:00,9655,1251,24,34.8,37.0
2024-12-01T17:03:15.314000+00:00,9655,1251,14,32.8,37.0
2024-12-01T17:03:16.452000+00:00,9655,1251,20,33.3,37.0
2024-12-01T17:03:21.452000+00:00,9655,1251,22,35.8,37.0
2024-12-01T17:03:23.176000+00:00,9655,1251,23,36.5,37.0
2024-12-01T17:03:26.493000+00:00,9655,1251,27,37.6,37.0
2024-12-01T17:03:31.230000+00:00,9655,1251,30,26.7,37.0
2024-12-01T17:09:51.725000+00:00,9655,1251,22,29.2,40.0
2024-12-01T17:09:59.735000+00:00,9655,1251,30,34.6,40.0
2024-12-01T17:18:36.422000+00:00,9655,1251,4,36.0,45.0
2024-12-01T17:21:28.004000+00:00,9655,1251,44,22.7,47.0
2024-12-01T17:33:23.771000+00:00,9655,1251,23,39.6,55.0
2024-12-01T17:37:58.773000+00:00,9655,1251,31,,
2024-12-01T17:37:58.782000+00:00,9655,1251,43,,
2024-12-08T13:09:54.559000+00:00,9662,1252,43,24.9,3.0
2024-12-08T13:10:50.662000+00:00,9662,1252,81,23.5,4.0
2024-12-08T13:14:05.121000+00:00,9662,1252,77,41.1,6.0
2024-12-08T13:21:14.591000+00:00,9662,1252,18,23.2,11.0
2024-12-08T13:22:46.769000+00:00,9662,1252,20,26.3,12.0
2024-12-08T13:22:49.616000+00:00,9662,1252,24,23.0,12.0
2024-12-08T13:22:50.053000+00:00,9662,1252,23,22.0,12.0
2024-12-08T13:24:07.798000+00:00,9662,1252,27,21.5,13.0
2024-12-08T13:24:13.722000+00:00,9662,1252,14,23.3,13.0
2024-12-08T13:25:33.875000+00:00,9662,1252,10,22.0,14.0
2024-12-08T13:34:35.126000+00:00,9662,1252,16,21.8,20.0
2024-12-08T13:38:02.507000+00:00,9662,1252,22,21.8,22.0
2024-12-08T13:38:04.908000+00:00,9662,1252,61,22.0,22.0
2024-12-08T13:39:28.498000+00:00,9662,1252,30,23.4,23.0
2024-12-08T13:41:24.066000+00:00,9662,1252,30,22.5,24.0
2024-12-08T13:41:44.806000+00:00,9662,1252,55,21.2,25.0
2024-12-08T13:43:10.977000+00:00,9662,1252,4,21.2,26.0
2024-12-08T13:43:33.898000+00:00,9662,1252,63,21.6,26.0
2024-12-08T13:48:20.009000+00:00,9662,1252,1,32.6,29.0
2024-12-08T13:48:41.051000+00:00,9662,1252,20,21.6,29.0
2024-12-08T13:49:25.507000+00:00,9662,1252,30,32.3,29.0
2024-12-08T13:50:44.134000+00:00,9662,1252,20,22.8,30.0
2024-12-08T13:53:10.989000+00:00,9662,1252,18,22.0,32.0
2024-12-08T13:53:15.464000+00:00,9662,1252,81,32.7,32.0
2024-12-08T13:55:40.057000+00:00,9662,1252,44,21.6,34.0
2024-12-08T14:00:33.594000+00:00,9662,1252,14,22.4,37.0
2024-12-08T14:03:51.327000+00:00,9662,1252,24,28.7,39.0
2024-12-08T14:28:28.639000+00:00,9662,1252,20,22.0,55.0
2025-03-16T04:23:12.761000+00:00,9693,1254,4,13.3,2.0
2025-03-16T04:23:14.282000+00:00,9693,1254,1,13.4,2.0
2025-03-16T04:23:15.787000+00:00,9693,1254,81,13.0,2.0
2025-03-16T04:23:18.291000+00:00,9693,1254,63,13.6,2.0
2025-03-16T04:23:21.181000+00:00,9693,1254,16,14.1,2.0
2025-03-16T04:23:24.246000+00:00,9693,1254,22,14.9,2.0
2025-03-16T04:23:26.497000+00:00,9693,1254,23,15.0,2.0
2025-03-16T04:23:28.680000+00:00,9693,1254,44,15.0,2.0
2025-03-16T04:23:31.233000+00:00,9693,1254,10,15.1,2.0
2025-03-16T04:23:33.032000+00:00,9693,1254,14,15.5,2.0
2025-03-16T04:23:35.723000+00:00,9693,1254,18,15.5,2.0
2025-03-16T04:23:37.404000+00:00,9693,1254,27,15.1,2.0
2025-03-16T04:23:38.906000+00:00,9693,1254,12,14.6,2.0
2025-03-16T04:23:40.336000+00:00,9693,1254,5,14.4,2.0
2025-03-16T04:23:42.208000+00:00,9693,1254,31,14.3,2.0
2025-03-16T04:23:44.866000+00:00,9693,1254,30,14.7,2.0
2025-03-16T04:23:45.808000+00:00,9693,1254,87,14.6,2.0
2025-03-16T04:25:54.261000+00:00,9693,1254,4,12.9,3.0
2025-03-16T04:25:56.710000+00:00,9693,1254,1,13.7,3.0
2025-03-16T04:25:58.250000+00:00,9693,1254,81,13.8,3.0
2025-03-16T04:26:00.588000+00:00,9693,1254,63,14.1,3.0
2025-03-16T04:26:03.317000+00:00,9693,1254,16,14.6,3.0
2025-03-16T04:26:07.237000+00:00,9693,1254,22,15.2,3.0
2025-03-16T04:26:11.014000+00:00,9693,1254,23,16.9,3.0
2025-03-16T04:26:12.947000+00:00,9693,1254,44,16.1,3.0
2025-03-16T04:26:14.535000+00:00,9693,1254,10,15.7,3.0
2025-03-16T04:26:16.239000+00:00,9693,1254,14,16.2,3.0
2025-03-16T04:26:18.773000+00:00,9693,1254,18,16.0,3.0
2025-03-16T04:26:20.410000+00:00,9693,1254,27,15.9,3.0
2025-03-16T04:26:22.648000+00:00,9693,1254,12,16.3,3.0
2025-03-16T04:26:24.517000+00:00,9693,1254,5,16.3,3.0
2025-03-16T04:26:26.647000+00:00,9693,1254,31,16.4,3.0
2025-03-16T04:26:29.150000+00:00,9693,1254,30,16.3,3.0
2025-03-16T04:26:30.064000+00:00,9693,1254,87,16.3,3.0
2025-03-16T04:28:30.190000+00:00,9693,1254,4,12.8,4.0
2025-03-16T04:28:32.243000+00:00,9693,1254,1,12.9,4.0
2025-03-16T04:28:33.914000+00:00,9693,1254,81,12.8,4.0
2025-03-16T04:28:37.172000+00:00,9693,1254,63,13.6,4.0
2025-03-16T04:28:39.089000+00:00,9693,1254,16,14.1,4.0
2025-03-16T04:28:42.407000+00:00,9693,1254,22,13.6,4.0
2025-03-16T04:28:44.788000+00:00,9693,1254,23,14.2,4.0
2025-03-16T04:28:47.101000+00:00,9693,1254,44,14.7,4.0
2025-03-16T04:28:49.811000+00:00,9693,1254,10,14.7,4.0
2025-03-16T04:28:51.748000+00:00,9693,1254,14,15.0,4.0
2025-03-16T04:28:54.348000+00:00,9693,1254,18,14.4,4.0
2025-03-16T04:28:56.162000+00:00,9693,1254,27,14.1,4.0
2025-03-16T04:28:57.988000+00:00,9693,1254,12,13.9,4.0
2025-03-16T04:29:00.339000+00:00,9693,1254,5,14.2,4.0
2025-03-16T04:29:08.384000+00:00,9693,1254,31,19.6,4.0
2025-03-16T04:29:09.440000+00:00,9693,1254,30,18.8,4.0
2025-03-16T04:29:15.713000+00:00,9693,1254,87,22.4,4.0
2025-03-16T05:15:54.880000+00:00,9693,1254,22,18.9,33.0
2025-03-16T05:15:55.546000+00:00,9693,1254,23,18.5,33.0
2025-03-16T05:15:57.301000+00:00,9693,1254,44,18.5,33.0
2025-03-16T05:16:00.316000+00:00,9693,1254,10,19.5,33.0
2025-03-16T05:16:04.773000+00:00,9693,1254,12,18.9,33.0
2025-03-16T05:16:26.408000+00:00,9693,1254,18,18.8,33.0
2025-03-16T05:16:36.934000+00:00,9693,1254,27,21.1,33.0
2025-03-16T05:16:41.273000+00:00,9693,1254,4,18.4,34.0
2025-03-16T05:16:45.940000+00:00,9693,1254,5,24.0,33.0
2025-03-16T05:16:49.493000+00:00,9693,1254,81,19.7,34.0
2025-03-16T05:16:53.220000+00:00,9693,1254,30,20.0,33.0
2025-03-16T05:17:05.864000+00:00,9693,1254,1,18.7,34.0
2025-03-16T05:17:27.877000+00:00,9693,1254,63,19.1,34.0
2025-03-16T05:17:35.888000+00:00,9693,1254,16,18.1,34.0
2025-03-16T05:30:19.227000+00:00,9693,1254,31,18.7,39.0
2025-03-16T05:30:28.074000+00:00,9693,1254,87,22.4,39.0
2025-03-16T05:37:14.127000+00:00,9693,1254,4,18.0,44.0
2025-03-16T05:37:22.212000+00:00,9693,1254,63,19.3,44.0
2025-03-16T05:37:23.180000+00:00,9693,1254,23,18.9,44.0
2025-03-16T05:37:26.634000+00:00,9693,1254,18,18.9,44.0
2025-03-16T05:37:28.705000+00:00,9693,1254,12,21.9,44.0
2025-03-16T05:37:29.199000+00:00,9693,1254,27,20.2,44.0
2025-03-16T05:37:44.720000+00:00,9693,1254,5,26.2,44.0
2025-03-16T05:38:42.285000+00:00,9693,1254,81,19.8,44.0
2025-03-16T05:38:52.612000+00:00,9693,1254,87,19.3,44.0
2025-03-16T05:40:24.422000+00:00,9693,1254,1,18.7,46.0
2025-03-16T05:40:37.586000+00:00,9693,1254,10,19.4,46.0
2025-03-16T05:41:57.387000+00:00,9693,1254,31,19.8,46.0
2025-03-16T05:42:48.260000+00:00,9693,1254,44,20.8,47.0
2025-03-16T05:42:54.048000+00:00,9693,1254,16,24.5,47.0
2025-03-16T05:42:55.649000+00:00,9693,1254,22,19.3,47.0
2025-03-23T07:06:04.340000+00:00,9998,1255,5,23.3,1.0
2025-03-23T07:20:43.797000+00:00,9998,1255,10,23.1,10.0
2025-03-23T07:22:18.499000+00:00,9998,1255,22,22.5,11.0
2025-03-23T07:22:21.442000+00:00,9998,1255,31,23.1,11.0
2025-03-23T07:22:27.138000+00:00,9998,1255,7,22.7,11.0
2025-03-23T07:23:56.527000+00:00,9998,1255,12,22.6,12.0
2025-03-23T07:23:58.830000+00:00,9998,1255,6,22.8,12.0
2025-03-23T07:25:25.961000+00:00,9998,1255,44,22.3,13.0
2025-03-23T07:25:31.428000+00:00,9998,1255,1,22.4,13.0
2025-03-23T07:26:57.330000+00:00,9998,1255,81,23.9,14.0
2025-03-23T07:27:01.301000+00:00,9998,1255,63,22.3,14.0
2025-03-23T07:28:37.122000+00:00,9998,1255,4,22.2,15.0
2025-03-23T07:28:42.400000+00:00,9998,1255,16,22.1,15.0
2025-03-23T07:32:20.876000+00:00,9998,1255,55,22.7,17.0
2025-03-23T07:34:04.511000+00:00,9998,1255,30,22.5,18.0
2025-03-23T07:37:11.934000+00:00,9998,1255,23,23.3,20.0
2025-03-23T07:37:39.712000+00:00,9998,1255,27,22.9,20.0
2025-03-23T07:47:11.717000+00:00,9998,1255,87,22.8,26.0
2025-03-23T07:47:46.464000+00:00,9998,1255,5,22.7,26.0
2025-03-23T07:54:02.377000+00:00,9998,1255,30,22.3,30.0
2025-03-23T07:58:46.013000+00:00,9998,1255,6,22.2,33.0
2025-03-23T08:01:56.363000+00:00,9998,1255,22,22.5,35.0
2025-03-23T08:03:32.315000+00:00,9998,1255,18,22.9,36.0
2025-03-23T08:04:48.698000+00:00,9998,1255,44,22.3,37.0
2025-03-23T08:20:25.204000+00:00,9998,1255,22,38.1,46.0
2025-04-06T05:18:42.697000+00:00,10006,1256,18,23.7,9.0
2025-04-06T05:28:10.894000+00:00,10006,1256,7,23.3,15.0
2025-04-06T05:33:59.151000+00:00,10006,1256,63,23.1,19.0
2025-04-06T05:35:27.240000+00:00,10006,1256,81,23.0,20.0
2025-04-06T05:36:57.801000+00:00,10006,1256,1,24.3,21.0
2025-04-06T05:36:57.941000+00:00,10006,1256,4,23.2,21.0
2025-04-06T05:37:04.066000+00:00,10006,1256,16,23.3,21.0
2025-04-06T05:39:09.177000+00:00,10006,1256,27,23.5,22.0
2025-04-06T05:40:33.084000+00:00,10006,1256,87,24.8,23.0
2025-04-06T05:40:38.849000+00:00,10006,1256,22,24.1,23.0
2025-04-06T05:41:59.678000+00:00,10006,1256,23,23.0,24.0
2025-04-06T05:42:11.422000+00:00,10006,1256,14,25.7,24.0
2025-04-06T05:42:14.929000+00:00,10006,1256,10,26.0,24.0
2025-04-06T05:43:29.757000+00:00,10006,1256,6,23.3,25.0
2025-04-06T05:51:11.930000+00:00,10006,1256,44,22.9,30.0
2025-04-06T05:52:06.619000+00:00,10006,1256,18,23.6,30.0
2025-04-06T05:52:41.258000+00:00,10006,1256,12,24.3,31.0
2025-04-06T05:53:22.478000+00:00,10006,1256,5,23.4,31.0
2025-04-06T05:54:54.863000+00:00,10006,1256,31,24.4,32.0
2025-04-06T05:56:25.345000+00:00,10006,1256,30,23.6,33.0
2025-04-06T05:56:27.189000+00:00,10006,1256,55,23.3,33.0
2025-04-13T15:12:43.873000+00:00,10014,1257,27,24.2,5.0
2025-04-13T15:14:22.184000+00:00,10014,1257,6,25.2,6.0
2025-04-13T15:17:35.756000+00:00,10014,1257,31,24.8,8.0
2025-04-13T15:19:15.755000+00:00,10014,1257,7,24.7,9.0
2025-04-13T15:20:47.938000+00:00,10014,1257,4,29.8,10.0
2025-04-13T15:20:49.900000+00:00,10014,1257,10,25.0,10.0
2025-04-13T15:20:52.254000+00:00,10014,1257,1,26.5,10.0
2025-04-13T15:22:35.431000+00:00,10014,1257,22,26.4,11.0
2025-04-13T15:24:07.042000+00:00,10014,1257,12,24.8,12.0
2025-04-13T15:24:25.031000+00:00,10014,1257,18,24.6,12.0
2025-04-13T15:25:38.504000+00:00,10014,1257,63,24.0,13.0
2025-04-13T15:26:07.063000+00:00,10014,1257,5,24.1,13.0
2025-04-13T15:27:13.344000+00:00,10014,1257,81,24.4,14.0
2025-04-13T15:27:36.036000+00:00,10014,1257,55,24.6,14.0
2025-04-13T15:27:38.560000+00:00,10014,1257,87,24.5,14.0
2025-04-13T15:27:44.917000+00:00,10014,1257,30,25.2,14.0
2025-04-13T15:30:58.775000+00:00,10014,1257,23,25.3,16.0
2025-04-13T15:31:03.584000+00:00,10014,1257,14,24.8,16.0
2025-04-13T15:32:17.130000+00:00,10014,1257,16,24.8,17.0
2025-04-13T15:32:26.688000+00:00,10014,1257,44,24.3,17.0
2025-04-13T15:47:39.342000+00:00,10014,1257,1,28.0,26.0
2025-04-13T15:49:11.397000+00:00,10014,1257,31,24.8,27.0
2025-04-13T15:49:11.833000+00:00,10014,1257,12,24.5,27.0
2025-04-13T15:49:32.563000+00:00,10014,1257,27,24.2,27.0
2025-04-13T15:50:43.726000+00:00,10014,1257,10,24.9,28.0
2025-04-13T15:50:56.204000+00:00,10014,1257,7,25.0,28.0
2025-04-13T15:51:07.535000+00:00,10014,1257,6,24.6,28.0
2025-04-13T15:57:04.041000+00:00,10014,1257,81,24.9,32.0
2025-04-13T15:57:12.763000+00:00,10014,1257,63,24.1,32.0
2025-04-13T15:57:14.316000+00:00,10014,1257,16,24.2,32.0
2025-04-13T15:57:16.810000+00:00,10014,1257,4,24.0,32.0
2025-04-13T15:57:30.119000+00:00,10014,1257,44,24.3,32.0
2025-04-13T15:57:56.684000+00:00,10014,1257,55,24.3,32.0
2025-04-13T15:57:58.263000+00:00,10014,1257,22,24.7,32.0
2025-04-13T15:58:03.317000+00:00,10014,1257,87,24.8,32.0
2025-04-13T15:58:03.706000+00:00,10014,1257,23,25.9,32.0
2025-04-13T15:58:06.812000+00:00,10014,1257,12,24.6,32.0
2025-04-13T15:58:10.052000+00:00,10014,1257,14,24.8,32.0
2025-04-13T15:58:20.841000+00:00,10014,1257,30,24.1,32.0
2025-04-13T15:58:22.181000+00:00,10014,1257,18,24.5,32.0
2025-04-13T15:58:30.413000+00:00,10014,1257,5,25.3,32.0
2025-04-13T16:19:49.060000+00:00,10014,1257,55,37.1,44.0
2025-04-20T17:06:43.629000+00:00,10022,1258,7,20.5,1.0
2025-04-20T17:06:45.644000+00:00,10022,1258,31,21.5,1.0
2025-04-20T17:06:46.504000+00:00,10022,1258,5,21.8,1.0
2025-04-20T17:36:05.973000+00:00,10022,1258,87,22.0,18.0
2025-04-20T17:37:06.014000+00:00,10022,1258,81,21.3,19.0
2025-04-20T17:37:20.145000+00:00,10022,1258,12,20.3,19.0
2025-04-20T17:37:38.585000+00:00,10022,1258,14,21.8,19.0
2025-04-20T17:38:45.260000+00:00,10022,1258,63,20.3,20.0
2025-04-20T17:39:10.227000+00:00,10022,1258,30,20.5,20.0
2025-04-20T17:40:15.972000+00:00,10022,1258,1,26.0,21.0
2025-04-20T17:40:41.796000+00:00,10022,1258,55,24.1,21.0
2025-04-20T17:42:19.009000+00:00,10022,1258,23,22.1,22.0
2025-04-20T17:43:43.451000+00:00,10022,1258,44,20.1,23.0
2025-04-20T17:52:49.740000+00:00,10022,1258,16,20.1,29.0
2025-04-20T17:58:38.083000+00:00,10022,1258,7,21.5,32.0
2025-04-20T18:00:03.353000+00:00,10022,1258,27,20.4,33.0
2025-04-20T18:00:38.881000+00:00,10022,1258,4,20.4,34.0
2025-04-20T18:01:14.102000+00:00,10022,1258,6,20.8,34.0
2025-04-20T18:09:33.789000+00:00,10022,1258,18,20.4,39.0
2025-05-04T20:34:44.003000+00:00,10033,1259,5,22.1,19.0
2025-05-04T20:36:21.717000+00:00,10033,1259,18,22.3,20.0
2025-05-04T20:39:20.285000+00:00,10033,1259,6,22.1,22.0
2025-05-04T20:40:53.467000+00:00,10033,1259,31,23.1,23.0
2025-05-04T20:43:43.112000+00:00,10033,1259,12,24.3,25.0
2025-05-04T20:43:47.310000+00:00,10033,1259,55,22.4,25.0
2025-05-04T20:45:11.289000+00:00,10033,1259,1,22.5,26.0
2025-05-04T20:45:15.014000+00:00,10033,1259,23,21.9,26.0
2025-05-04T20:46:56.562000+00:00,10033,1259,22,22.5,27.0
2025-05-04T20:48:37.874000+00:00,10033,1259,44,23.1,28.0
2025-05-04T20:49:02.307000+00:00,10033,1259,14,23.6,28.0
2025-05-04T20:49:36.830000+00:00,10033,1259,30,22.4,28.0
2025-05-04T20:49:50.665000+00:00,10033,1259,81,22.1,29.0
2025-05-04T20:50:02.115000+00:00,10033,1259,4,22.0,29.0
2025-05-04T20:50:24.074000+00:00,10033,1259,63,24.2,29.0
2025-05-04T20:50:32.175000+00:00,10033,1259,16,22.1,29.0
2025-05-04T20:55:38.007000+00:00,10033,1259,10,22.0,32.0
2025-05-04T21:02:11.262000+00:00,10033,1259,27,22.1,36.0
2025-05-18T13:05:35.938000+00:00,9987,1260,31,30.5,1.0
2025-05-18T13:16:32.970000+00:00,9987,1260,10,31.4,9.0
2025-05-18T13:17:48.760000+00:00,9987,1260,16,29.6,10.0
2025-05-18T13:17:54.293000+00:00,9987,1260,30,29.6,10.0
2025-05-18T13:19:09.863000+00:00,9987,1260,63,29.7,11.0
2025-05-18T13:19:11.457000+00:00,9987,1260,55,30.0,11.0
2025-05-18T13:20:32.592000+00:00,9987,1260,14,30.1,12.0
2025-05-18T13:20:40.339000+00:00,9987,1260,5,30.9,12.0
2025-05-18T13:21:45.574000+00:00,9987,1260,81,30.9,13.0
2025-05-18T13:23:21.071000+00:00,9987,1260,18,31.2,14.0
2025-05-18T13:34:31.297000+00:00,9987,1260,43,30.3,22.0
2025-05-18T13:42:09.660000+00:00,9987,1260,4,29.5,28.0
2025-05-18T13:43:28.454000+00:00,9987,1260,1,29.9,29.0
2025-05-18T13:44:04.660000+00:00,9987,1260,23,30.4,29.0
2025-05-18T13:44:16.017000+00:00,9987,1260,6,30.1,29.0
2025-05-18T13:44:16.613000+00:00,9987,1260,12,30.0,29.0
2025-05-18T13:44:16.984000+00:00,9987,1260,44,29.9,29.0
2025-05-18T13:44:24.145000+00:00,9987,1260,16,31.8,29.0
2025-05-18T13:44:27.364000+00:00,9987,1260,27,30.1,29.0
2025-05-18T13:44:30.255000+00:00,9987,1260,63,30.7,29.0
2025-05-18T13:44:30.614000+00:00,9987,1260,87,31.4,29.0
2025-05-18T13:44:36.052000+00:00,9987,1260,22,29.8,29.0
2025-05-18T13:44:37.333000+00:00,9987,1260,55,30.6,29.0
2025-05-18T13:44:52.195000+00:00,9987,1260,10,32.0,29.0
2025-05-18T13:44:53.898000+00:00,9987,1260,30,30.2,29.0
2025-05-18T13:44:56.882000+00:00,9987,1260,5,30.6,29.0
2025-05-18T13:46:06.137000+00:00,9987,1260,81,30.6,30.0
2025-05-18T13:48:38.350000+00:00,9987,1260,87,56.7,31.0
2025-05-18T14:07:31.467000+00:00,9987,1260,1,29.6,46.0
2025-05-18T14:08:00.094000+00:00,9987,1260,4,31.6,46.0
2025-05-18T14:08:31.476000+00:00,9987,1260,44,29.9,46.0
2025-05-18T14:08:41.836000+00:00,9987,1260,6,30.0,46.0
2025-05-18T14:09:17.721000+00:00,9987,1260,14,30.8,46.0
2025-05-18T14:09:24.776000+00:00,9987,1260,18,34.4,46.0
2025-05-18T14:09:28.078000+00:00,9987,1260,43,31.1,46.0
2025-05-18T14:09:30.816000+00:00,9987,1260,5,29.9,46.0
2025-05-18T14:10:16.509000+00:00,9987,1260,23,29.7,47.0
2025-05-25T13:05:00.705000+00:00,9979,1261,22,24.5,1.0
2025-05-25T13:05:02.475000+00:00,9979,1261,10,24.3,1.0
2025-05-25T13:05:30.195000+00:00,9979,1261,87,50.1,1.0
2025-05-25T13:05:35.820000+00:00,9979,1261,5,37.2,1.0
2025-05-25T13:21:04.863000+00:00,9979,1261,27,24.0,12.0
2025-05-25T13:22:26.270000+00:00,9979,1261,43,24.3,13.0
2025-05-25T13:23:19.864000+00:00,9979,1261,6,24.3,14.0
2025-05-25T13:25:54.877000+00:00,9979,1261,14,25.3,16.0
2025-05-25T13:26:00.002000+00:00,9979,1261,31,25.5,16.0
2025-05-25T13:27:46.469000+00:00,9979,1261,18,23.9,17.0
2025-05-25T13:27:48.398000+00:00,9979,1261,87,24.5,17.0
2025-05-25T13:28:25.215000+00:00,9979,1261,44,23.5,18.0
2025-05-25T13:29:25.700000+00:00,9979,1261,4,24.5,19.0
2025-05-25T13:30:02.482000+00:00,9979,1261,6,24.0,19.0
2025-05-25T13:30:48.575000+00:00,9979,1261,81,25.7,20.0
2025-05-25T13:33:15.011000+00:00,9979,1261,16,23.5,22.0
2025-05-25T13:39:33.903000+00:00,9979,1261,5,24.4,26.0
2025-05-25T13:39:35.090000+00:00,9979,1261,43,24.4,26.0
2025-05-25T13:40:54.106000+00:00,9979,1261,1,24.1,28.0
2025-05-25T13:41:44.900000+00:00,9979,1261,31,24.7,28.0
2025-05-25T13:45:47.184000+00:00,9979,1261,30,24.2,31.0
2025-05-25T13:47:05.165000+00:00,9979,1261,23,23.9,32.0
2025-05-25T13:51:32.327000+00:00,9979,1261,5,24.2,35.0
2025-05-25T13:57:37.401000+00:00,9979,1261,30,24.3,40.0
2025-05-25T13:57:39.323000+00:00,9979,1261,23,24.1,40.0
2025-05-25T14:03:16.358000+00:00,9979,1261,27,24.3,44.0
2025-05-25T14:06:10.450000+00:00,9979,1261,81,23.9,48.0
2025-05-25T14:07:17.044000+00:00,9979,1261,16,23.6,49.0
2025-05-25T14:08:10.967000+00:00,9979,1261,55,24.4,48.0
2025-05-25T14:08:27.154000+00:00,9979,1261,4,23.7,50.0
2025-05-25T14:14:45.756000+00:00,9979,1261,55,24.0,53.0
2025-05-25T14:14:47.147000+00:00,9979,1261,63,19.4,53.0
2025-05-25T14:16:41.123000+00:00,9979,1261,44,24.2,56.0
2025-05-25T14:26:38.027000+00:00,9979,1261,63,25.0,62.0
2025-05-25T14:29:40.406000+00:00,9979,1261,18,25.9,64.0
2025-05-25T14:34:22.421000+00:00,9979,1261,63,24.0,68.0
2025-05-25T14:36:00.507000+00:00,9979,1261,12,24.4,69.0
2025-05-25T14:38:51.517000+00:00,9979,1261,12,24.8,71.0
2025-05-25T14:41:05.568000+00:00,9979,1261,22,24.0,73.0
2025-05-25T14:42:46.979000+00:00,9979,1261,1,23.9,77.0
2025-06-01T13:12:13.642000+00:00,9971,1262,23,30.8,6.0
2025-06-01T13:14:49.858000+00:00,9971,1262,87,22.0,8.0
2025-06-01T13:14:54.749000+00:00,9971,1262,22,21.8,8.0
2025-06-01T13:16:07.034000+00:00,9971,1262,27,22.2,9.0
2025-06-01T13:16:24.651000+00:00,9971,1262,55,30.5,9.0
2025-06-01T13:17:27.014000+00:00,9971,1262,10,22.2,10.0
2025-06-01T13:21:17.088000+00:00,9971,1262,1,21.8,13.0
2025-06-01T13:23:12.861000+00:00,9971,1262,43,22.4,14.0
2025-06-01T13:24:35.443000+00:00,9971,1262,14,22.7,15.0
2025-06-01T13:25:31.581000+00:00,9971,1262,44,21.9,16.0
2025-06-01T13:26:50.882000+00:00,9971,1262,16,21.8,17.0
2025-06-01T13:28:34.684000+00:00,9971,1262,30,22.0,18.0
2025-06-01T13:29:48.843000+00:00,9971,1262,6,21.7,19.0
2025-06-01T13:30:05.438000+00:00,9971,1262,5,22.0,19.0
2025-06-01T13:31:01.084000+00:00,9971,1262,63,21.7,20.0
2025-06-01T13:31:32.319000+00:00,9971,1262,31,22.5,20.0
2025-06-01T13:32:04.917000+00:00,9971,1262,4,22.4,21.0
2025-06-01T13:32:28.534000+00:00,9971,1262,12,22.2,21.0
2025-06-01T13:33:20.023000+00:00,9971,1262,81,21.8,22.0
2025-06-01T13:37:05.525000+00:00,9971,1262,22,22.0,24.0
2025-06-01T13:40:13.803000+00:00,9971,1262,23,37.6,26.0
2025-06-01T13:42:59.372000+00:00,9971,1262,1,21.9,29.0
2025-06-01T13:46:33.952000+00:00,9971,1262,10,22.0,31.0
2025-06-01T13:50:52.981000+00:00,9971,1262,55,22.3,34.0
2025-06-01T13:52:07.362000+00:00,9971,1262,87,22.2,35.0
2025-06-01T13:57:58.469000+00:00,9971,1262,16,21.8,40.0
2025-06-01T13:58:05.995000+00:00,9971,1262,43,22.1,39.0
2025-06-01T13:59:29.876000+00:00,9971,1262,63,21.7,41.0
2025-06-01T14:01:40.002000+00:00,9971,1262,14,22.2,42.0
2025-06-01T14:03:11.902000+00:00,9971,1262,31,22.4,43.0
2025-06-01T14:04:16.481000+00:00,9971,1262,30,22.1,44.0
2025-06-01T14:04:32.386000+00:00,9971,1262,22,21.8,44.0
2025-06-01T14:05:29.605000+00:00,9971,1262,27,21.8,45.0
2025-06-01T14:06:15.943000+00:00,9971,1262,44,24.4,46.0
2025-06-01T14:07:10.256000+00:00,9971,1262,1,21.8,47.0
2025-06-01T14:08:26.274000+00:00,9971,1262,4,21.8,48.0
2025-06-01T14:09:20.535000+00:00,9971,1262,6,22.0,48.0
2025-06-01T14:09:39.403000+00:00,9971,1262,81,21.8,49.0
2025-06-01T14:10:32.645000+00:00,9971,1262,12,23.4,49.0
2025-06-01T14:11:18.400000+00:00,9971,1262,5,22.9,49.0
2025-06-01T14:18:02.414000+00:00,9971,1262,81,22.7,55.0
2025-06-01T14:18:08.744000+00:00,9971,1262,4,23.5,55.0
2025-06-01T14:18:11.342000+00:00,9971,1262,1,22.1,55.0
2025-06-01T14:18:19.674000+00:00,9971,1262,14,22.2,54.0
2025-06-01T14:18:23.585000+00:00,9971,1262,87,22.7,54.0
2025-06-01T14:18:27.128000+00:00,9971,1262,22,22.2,54.0
2025-06-01T14:18:34.491000+00:00,9971,1262,16,22.3,55.0
2025-06-01T14:18:39.405000+00:00,9971,1262,63,23.1,55.0
2025-06-01T14:18:50.955000+00:00,9971,1262,44,22.8,55.0
2025-06-01T14:19:00.832000+00:00,9971,1262,43,21.8,54.0
2025-06-01T14:19:35.762000+00:00,9971,1262,6,21.8,55.0
2025-06-01T14:20:05.783000+00:00,9971,1262,10,22.8,55.0
2025-06-01T14:20:33.319000+00:00,9971,1262,55,21.9,55.0
2025-06-01T14:21:28.021000+00:00,9971,1262,27,21.9,56.0
2025-06-15T18:18:46.813000+00:00,9963,1263,1,23.6,12.0
2025-06-15T18:20:00.490000+00:00,9963,1263,63,23.2,13.0
2025-06-15T18:20:28.271000+00:00,9963,1263,6,24.1,13.0
2025-06-15T18:21:21.944000+00:00,9963,1263,12,23.3,14.0
2025-06-15T18:21:42.428000+00:00,9963,1263,43,24.7,14.0
2025-06-15T18:22:45.479000+00:00,9963,1263,44,23.6,15.0
2025-06-15T18:22:53.588000+00:00,9963,1263,14,24.0,15.0
2025-06-15T18:23:57.698000+00:00,9963,1263,81,23.2,16.0
2025-06-15T18:27:00.215000+00:00,9963,1263,87,23.5,18.0
2025-06-15T18:28:08.325000+00:00,9963,1263,27,23.4,19.0
2025-06-15T18:33:34.102000+00:00,9963,1263,23,23.8,23.0
2025-06-15T18:34:50.807000+00:00,9963,1263,18,23.7,24.0
2025-06-15T18:39:19.162000+00:00,9963,1263,16,23.3,28.0
2025-06-15T18:40:32.603000+00:00,9963,1263,4,23.2,29.0
2025-06-15T18:50:43.952000+00:00,9963,1263,1,23.1,37.0
2025-06-15T18:52:00.124000+00:00,9963,1263,12,23.4,38.0
2025-06-15T18:52:59.709000+00:00,9963,1263,30,23.2,38.0
2025-06-15T18:56:57.264000+00:00,9963,1263,63,24.2,42.0
2025-06-15T19:00:51.144000+00:00,9963,1263,81,23.1,45.0
2025-06-15T19:01:16.082000+00:00,9963,1263,44,23.3,45.0
2025-06-15T19:03:25.586000+00:00,9963,1263,4,23.4,47.0
2025-06-15T19:07:07.557000+00:00,9963,1263,5,23.7,49.0
2025-06-15T19:07:59.841000+00:00,9963,1263,14,23.4,50.0
2025-06-15T19:09:55.405000+00:00,9963,1263,18,34.7,51.0
2025-06-15T19:11:03.265000+00:00,9963,1263,16,23.8,53.0
2025-06-15T19:12:18.859000+00:00,9963,1263,10,23.9,53.0
2025-06-15T19:15:57.532000+00:00,9963,1263,22,25.1,56.0
2025-06-15T19:17:03.136000+00:00,9963,1263,31,24.4,57.0
2025-06-15T19:17:07.058000+00:00,9963,1263,55,23.2,57.0
2025-06-15T19:28:33.451000+00:00,9963,1263,14,18.2,66.0
2025-06-15T19:28:37.654000+00:00,9963,1263,27,18.2,66.0
2025-06-15T19:28:41.123000+00:00,9963,1263,63,18.2,67.0
2025-06-15T19:28:43.779000+00:00,9963,1263,1,18.2,67.0
2025-06-15T19:28:46.904000+00:00,9963,1263,12,18.2,67.0
2025-06-15T19:28:54.639000+00:00,9963,1263,31,18.2,66.0
2025-06-15T19:28:55.248000+00:00,9963,1263,55,18.2,66.0
2025-06-15T19:28:56.014000+00:00,9963,1263,81,26.3,67.0
2025-06-15T19:29:14.030000+00:00,9963,1263,16,18.3,67.0
2025-06-15T19:29:16.873000+00:00,9963,1263,87,27.9,66.0
2025-06-15T19:29:19.201000+00:00,9963,1263,22,18.2,66.0
2025-06-15T19:29:21.748000+00:00,9963,1263,43,18.1,66.0
2025-06-15T19:29:22.670000+00:00,9963,1263,5,18.2,66.0
2025-06-15T19:29:26.092000+00:00,9963,1263,10,18.2,66.0
2025-06-15T19:29:32.320000+00:00,9963,1263,6,23.6,66.0
2025-06-15T19:29:35.043000+00:00,9963,1263,18,23.7,66.0
2025-06-15T19:29:45.861000+00:00,9963,1263,44,18.2,67.0
2025-06-15T19:30:27.190000+00:00,9963,1263,14,18.1,67.0
2025-06-15T19:30:30.052000+00:00,9963,1263,27,18.2,67.0
2025-06-15T19:30:47.996000+00:00,9963,1263,63,19.4,68.0
2025-06-15T19:30:49.058000+00:00,9963,1263,1,19.2,68.0
2025-06-15T19:30:50.277000+00:00,9963,1263,12,18.9,68.0
2025-06-15T19:30:51.777000+00:00,9963,1263,31,18.2,67.0
2025-06-15T19:30:52.730000+00:00,9963,1263,55,18.1,67.0
2025-06-15T19:30:53.949000+00:00,9963,1263,81,18.2,68.0
2025-06-15T19:31:08.887000+00:00,9963,1263,16,18.2,68.0
2025-06-15T19:31:13.668000+00:00,9963,1263,87,18.2,67.0
2025-06-15T19:31:16.491000+00:00,9963,1263,22,18.2,67.0
2025-06-15T19:31:18.654000+00:00,9963,1263,43,18.1,67.0
2025-06-15T19:31:20.346000+00:00,9963,1263,5,18.2,67.0
2025-06-15T19:31:21.526000+00:00,9963,1263,10,18.2,67.0
2025-06-15T19:31:27.900000+00:00,9963,1263,6,18.2,67.0
2025-06-15T19:31:30.993000+00:00,9963,1263,18,18.2,67.0
2025-06-15T19:31:36.447000+00:00,9963,1263,44,18.2,68.0
2025-06-15T19:32:06.587000+00:00,9963,1263,14,18.2,68.0
2025-06-15T19:32:09.150000+00:00,9963,1263,27,18.3,68.0
2025-06-15T19:32:51.728000+00:00,9963,1263,63,18.2,69.0
2025-06-15T19:32:52.760000+00:00,9963,1263,1,18.3,69.0
2025-06-15T19:32:53.900000+00:00,9963,1263,12,18.2,69.0
2025-06-15T19:32:55.228000+00:00,9963,1263,31,18.2,68.0
2025-06-15T19:32:56.228000+00:00,9963,1263,55,18.1,68.0
2025-06-15T19:32:57.822000+00:00,9963,1263,81,18.2,69.0
2025-06-15T19:32:59.650000+00:00,9963,1263,16,18.2,69.0
2025-06-15T19:33:00.697000+00:00,9963,1263,87,18.2,68.0
2025-06-15T19:33:02.791000+00:00,9963,1263,22,18.2,68.0
2025-06-15T19:33:04.510000+00:00,9963,1263,43,18.1,68.0
2025-06-15T19:33:06.244000+00:00,9963,1263,5,18.2,68.0
2025-06-15T19:33:08.260000+00:00,9963,1263,10,18.2,68.0
2025-06-15T19:33:10.916000+00:00,9963,1263,6,18.2,68.0
2025-06-15T19:33:13.025000+00:00,9963,1263,18,18.2,68.0
2025-06-15T19:33:14.229000+00:00,9963,1263,44,18.2,69.0
2025-06-15T19:33:43.135000+00:00,9963,1263,14,18.2,69.0
2025-06-15T19:33:46.010000+00:00,9963,1263,27,18.3,69.0
2025-06-29T13:21:58.769000+00:00,9955,1264,6,21.2,2.0
2025-06-29T13:33:15.023000+00:00,9955,1264,87,21.9,11.0
2025-06-29T13:34:25.507000+00:00,9955,1264,10,21.9,12.0
2025-06-29T13:34:29.788000+00:00,9955,1264,27,21.2,12.0
2025-06-29T13:35:33.152000+00:00,9955,1264,23,21.2,13.0
2025-06-29T13:35:42.851000+00:00,9955,1264,43,23.0,13.0
2025-06-29T13:41:30.632000+00:00,9955,1264,63,21.3,18.0
2025-06-29T13:41:42.881000+00:00,9955,1264,22,21.4,18.0
2025-06-29T13:42:53.542000+00:00,9955,1264,31,23.1,19.0
2025-06-29T13:43:35.564000+00:00,9955,1264,4,22.1,20.0
2025-06-29T13:45:08.624000+00:00,9955,1264,5,21.6,21.0
2025-06-29T13:48:21.332000+00:00,9955,1264,81,22.5,24.0
2025-06-29T13:49:38.422000+00:00,9955,1264,16,21.3,25.0
2025-06-29T13:50:52.685000+00:00,9955,1264,44,21.2,26.0
2025-06-29T13:51:27.716000+00:00,9955,1264,18,22.9,26.0
2025-06-29T13:53:45.441000+00:00,9955,1264,6,21.6,28.0
2025-06-29T13:56:28.671000+00:00,9955,1264,22,30.0,30.0
2025-06-29T13:58:21.124000+00:00,9955,1264,30,21.4,32.0
2025-06-29T13:59:35.606000+00:00,9955,1264,14,21.8,33.0
2025-06-29T14:05:48.279000+00:00,9955,1264,10,22.1,38.0
2025-06-29T14:06:55.950000+00:00,9955,1264,87,21.7,39.0
2025-06-29T14:07:09.171000+00:00,9955,1264,43,21.0,39.0
2025-06-29T14:10:20.537000+00:00,9955,1264,27,21.0,42.0
2025-06-29T14:13:44.451000+00:00,9955,1264,63,21.8,45.0
2025-06-29T14:17:56.970000+00:00,9955,1264,16,21.5,49.0
2025-06-29T14:18:32.521000+00:00,9955,1264,5,21.2,49.0
2025-06-29T14:19:16.051000+00:00,9955,1264,44,21.1,50.0
2025-06-29T14:19:50.236000+00:00,9955,1264,31,22.2,50.0
2025-06-29T14:21:10.298000+00:00,9955,1264,4,21.4,52.0
2025-06-29T14:22:22.916000+00:00,9955,1264,81,21.0,53.0
2025-06-29T14:23:47.985000+00:00,9955,1264,18,21.7,53.0
2025-06-29T14:32:24.678000+00:00,9955,1264,22,32.6,60.0
2025-07-06T14:08:17.475000+00:00,9947,1277,12,28.7,2.0
2025-07-06T14:16:33.371000+00:00,9947,1277,18,29.1,6.0
2025-07-06T14:22:11.076000+00:00,9947,1277,27,29.7,9.0
2025-07-06T14:22:24.157000+00:00,9947,1277,12,28.7,9.0
2025-07-06T14:23:53.883000+00:00,9947,1277,18,28.8,10.0
2025-07-06T14:23:59.805000+00:00,9947,1277,63,28.6,10.0
2025-07-06T14:24:06.510000+00:00,9947,1277,16,29.0,10.0
2025-07-06T14:24:11.502000+00:00,9947,1277,6,28.5,10.0
2025-07-06T14:24:14.471000+00:00,9947,1277,87,29.2,10.0
2025-07-06T14:25:25.048000+00:00,9947,1277,81,29.4,11.0
2025-07-06T14:25:32.711000+00:00,9947,1277,1,28.1,11.0
2025-07-06T14:25:33.725000+00:00,9947,1277,4,30.6,11.0
2025-07-06T14:25:42.378000+00:00,9947,1277,44,28.9,11.0
2025-07-06T14:25:43.534000+00:00,9947,1277,10,28.9,11.0
2025-07-06T14:25:44.440000+00:00,9947,1277,14,28.7,11.0
2025-07-06T14:25:46.800000+00:00,9947,1277,55,29.5,11.0
2025-07-06T14:25:53.253000+00:00,9947,1277,22,28.5,11.0
2025-07-06T14:27:41.545000+00:00,9947,1277,23,29.2,12.0
2025-07-06T14:42:15.244000+00:00,9947,1277,31,29.5,18.0
2025-07-06T14:47:35.833000+00:00,9947,1277,12,29.7,20.0
2025-07-06T15:18:03.964000+00:00,9947,1277,14,28.5,37.0
2025-07-06T15:19:45.182000+00:00,9947,1277,63,28.2,38.0
2025-07-06T15:24:34.782000+00:00,9947,1277,44,29.1,41.0
2025-07-06T15:24:46.957000+00:00,9947,1277,18,28.5,41.0
2025-07-06T15:24:51.692000+00:00,9947,1277,1,29.6,41.0
2025-07-06T15:24:52.755000+00:00,9947,1277,10,28.4,41.0
2025-07-06T15:25:01.917000+00:00,9947,1277,55,28.6,41.0
2025-07-06T15:25:03.733000+00:00,9947,1277,87,29.0,41.0
2025-07-06T15:25:39.003000+00:00,9947,1277,22,40.1,41.0
2025-07-06T15:26:13.413000+00:00,9947,1277,27,29.9,42.0
2025-07-06T15:26:39.540000+00:00,9947,1277,16,28.8,42.0
2025-07-06T15:26:43.790000+00:00,9947,1277,23,29.2,42.0
2025-07-06T15:26:45.930000+00:00,9947,1277,31,28.6,42.0
2025-07-06T15:27:27.652000+00:00,9947,1277,81,40.2,43.0
2025-07-06T15:28:57.299000+00:00,9947,1277,4,28.2,44.0
2025-07-27T14:46:51.176000+00:00,9939,1265,44,23.2,11.0
2025-07-27T14:46:55.160000+00:00,9939,1265,27,23.5,11.0
2025-07-27T14:46:57.797000+00:00,9939,1265,10,26.8,11.0
2025-07-27T14:46:58.319000+00:00,9939,1265,14,23.4,11.0
2025-07-27T14:48:23.592000+00:00,9939,1265,81,23.8,12.0
2025-07-27T14:48:33.904000+00:00,9939,1265,16,23.8,12.0
2025-07-27T14:48:36.608000+00:00,9939,1265,1,25.9,12.0
2025-07-27T14:48:38.342000+00:00,9939,1265,63,23.6,12.0
2025-07-27T14:48:40.373000+00:00,9939,1265,23,24.0,12.0
2025-07-27T14:48:46.295000+00:00,9939,1265,30,23.2,12.0
2025-07-27T14:48:48.478000+00:00,9939,1265,5,23.2,12.0
2025-07-27T14:48:50.420000+00:00,9939,1265,87,24.1,12.0
2025-07-27T14:48:58.189000+00:00,9939,1265,43,23.6,12.0
2025-07-27T14:49:01.173000+00:00,9939,1265,12,23.6,12.0
2025-07-27T14:49:02.189000+00:00,9939,1265,18,23.7,12.0
2025-07-27T14:49:03.093000+00:00,9939,1265,55,27.5,12.0
2025-07-27T14:50:23.619000+00:00,9939,1265,4,24.3,13.0
2025-07-27T14:50:46.134000+00:00,9939,1265,22,23.3,13.0
2025-07-27T14:50:47.978000+00:00,9939,1265,6,23.5,13.0
2025-07-27T14:50:58.871000+00:00,9939,1265,31,23.8,13.0
2025-07-27T15:04:04.865000+00:00,9939,1265,6,23.3,20.0
2025-07-27T15:14:55.910000+00:00,9939,1265,55,23.7,26.0
2025-07-27T15:18:31.745000+00:00,9939,1265,43,23.4,28.0
2025-07-27T15:20:11.061000+00:00,9939,1265,14,23.6,29.0
2025-07-27T15:21:56.538000+00:00,9939,1265,12,23.0,30.0
2025-07-27T15:25:26.135000+00:00,9939,1265,27,23.8,32.0
2025-08-03T13:10:42.523000+00:00,9928,1266,27,21.5,5.0
2025-08-03T13:22:01.414000+00:00,9928,1266,43,30.2,13.0
2025-08-03T13:23:14.799000+00:00,9928,1266,23,21.3,14.0
2025-08-03T13:23:15.143000+00:00,9928,1266,31,22.4,14.0
2025-08-03T13:24:35.579000+00:00,9928,1266,55,21.6,15.0
2025-08-03T13:27:14.938000+00:00,9928,1266,1,21.4,17.0
2025-08-03T13:28:14.741000+00:00,9928,1266,81,21.1,18.0
2025-08-03T13:29:34.492000+00:00,9928,1266,16,21.1,19.0
2025-08-03T13:29:41.501000+00:00,9928,1266,63,21.7,19.0
2025-08-03T13:31:41.726000+00:00,9928,1266,22,21.2,20.0
2025-08-03T13:32:58.761000+00:00,9928,1266,12,22.3,21.0
2025-08-03T13:45:32.129000+00:00,9928,1266,87,21.7,30.0
2025-08-03T13:46:07.521000+00:00,9928,1266,4,20.9,31.0
2025-08-03T13:48:23.579000+00:00,9928,1266,10,21.6,32.0
2025-08-03T13:49:42.725000+00:00,9928,1266,6,21.0,33.0
2025-08-03T13:52:42.991000+00:00,9928,1266,43,26.2,35.0
2025-08-03T13:53:38.455000+00:00,9928,1266,18,21.4,36.0
2025-08-03T13:55:26.296000+00:00,9928,1266,22,21.5,37.0
2025-08-03T13:56:46.756000+00:00,9928,1266,23,22.7,38.0
2025-08-03T13:57:35.927000+00:00,9928,1266,14,22.2,39.0
2025-08-03T13:58:22.582000+00:00,9928,1266,16,21.1,40.0
2025-08-03T13:59:03.530000+00:00,9928,1266,5,21.7,40.0
2025-08-03T13:59:09.827000+00:00,9928,1266,30,22.1,40.0
2025-08-03T14:00:56.554000+00:00,9928,1266,27,28.7,41.0
2025-08-03T14:02:07.096000+00:00,9928,1266,44,21.1,42.0
2025-08-03T14:02:38.260000+00:00,9928,1266,63,21.4,43.0
2025-08-03T14:05:10.901000+00:00,9928,1266,81,20.9,45.0
2025-08-03T14:10:05.385000+00:00,9928,1266,1,21.2,48.0
2025-08-03T14:14:40.780000+00:00,9928,1266,55,21.4,51.0
2025-08-31T13:14:08.902000+00:00,9920,1267,18,17.5,8.0
2025-08-31T13:26:54.106000+00:00,9920,1267,14,17.4,18.0
2025-08-31T13:28:11.385000+00:00,9920,1267,22,18.3,19.0
2025-08-31T13:28:14.989000+00:00,9920,1267,43,17.9,19.0
2025-08-31T13:28:15.583000+00:00,9920,1267,27,17.6,19.0
2025-08-31T13:31:42.348000+00:00,9920,1267,16,17.0,22.0
2025-08-31T13:32:12.030000+00:00,9920,1267,5,17.9,22.0
2025-08-31T13:32:42.693000+00:00,9920,1267,81,17.3,23.0
2025-08-31T13:32:50.571000+00:00,9920,1267,4,20.0,23.0
2025-08-31T13:33:08.588000+00:00,9920,1267,1,18.7,23.0
2025-08-31T13:33:10.743000+00:00,9920,1267,6,17.4,23.0
2025-08-31T13:33:15.400000+00:00,9920,1267,63,18.8,23.0
2025-08-31T13:33:26.426000+00:00,9920,1267,30,17.5,23.0
2025-08-31T13:33:27.973000+00:00,9920,1267,55,17.6,23.0
2025-08-31T13:33:36.841000+00:00,9920,1267,23,19.6,23.0
2025-08-31T13:33:38.078000+00:00,9920,1267,12,17.4,23.0
2025-08-31T13:33:46.302000+00:00,9920,1267,10,19.2,23.0
2025-08-31T13:41:04.107000+00:00,9920,1267,30,22.2,27.0
2025-08-31T13:41:10.549000+00:00,9920,1267,55,29.4,27.0
2025-08-31T13:57:13.731000+00:00,9920,1267,14,17.9,40.0
2025-08-31T14:10:41.425000+00:00,9920,1267,12,17.3,51.0
2025-08-31T14:11:54.453000+00:00,9920,1267,16,17.0,52.0
2025-08-31T14:12:27.454000+00:00,9920,1267,55,30.3,51.0
2025-08-31T14:12:28.587000+00:00,9920,1267,18,17.5,52.0
2025-08-31T14:12:31.402000+00:00,9920,1267,31,18.2,52.0
2025-08-31T14:12:57.746000+00:00,9920,1267,81,18.5,53.0
2025-08-31T14:13:05.704000+00:00,9920,1267,4,22.6,53.0
2025-08-31T14:13:14.515000+00:00,9920,1267,1,18.2,53.0
2025-08-31T14:13:18.893000+00:00,9920,1267,6,18.5,53.0
2025-08-31T14:13:36.854000+00:00,9920,1267,63,17.3,53.0
2025-08-31T14:13:40.876000+00:00,9920,1267,23,17.8,53.0
2025-08-31T14:13:57.375000+00:00,9920,1267,30,18.5,52.0
2025-08-31T14:13:59.140000+00:00,9920,1267,12,21.3,53.0
2025-08-31T14:14:13.278000+00:00,9920,1267,87,18.6,53.0
2025-08-31T14:14:13.825000+00:00,9920,1267,22,18.1,53.0
2025-08-31T14:14:22.767000+00:00,9920,1267,43,17.5,53.0
2025-08-31T14:14:23.517000+00:00,9920,1267,27,17.9,53.0
2025-08-31T14:25:15.119000+00:00,9920,1267,5,17.4,60.0
2025-08-31T14:31:49.134000+00:00,9920,1267,43,18.0,65.0
2025-08-31T14:32:08.359000+00:00,9920,1267,55,18.0,65.0
2025-09-07T13:16:53.514000+00:00,9912,1268,30,24.1,9.0
2025-09-07T13:29:32.892000+00:00,9912,1268,87,25.3,18.0
2025-09-07T13:30:55.643000+00:00,9912,1268,22,24.3,19.0
2025-09-07T13:32:17.703000+00:00,9912,1268,14,25.1,20.0
2025-09-07T13:32:18.133000+00:00,9912,1268,5,26.1,20.0
2025-09-07T13:41:53.352000+00:00,9912,1268,63,25.0,27.0
2025-09-07T13:43:27.984000+00:00,9912,1268,12,24.9,28.0
2025-09-07T13:46:19.995000+00:00,9912,1268,55,24.6,30.0
2025-09-07T13:49:09.830000+00:00,9912,1268,6,24.3,32.0
2025-09-07T13:50:04.888000+00:00,9912,1268,16,24.2,33.0
2025-09-07T13:50:45.883000+00:00,9912,1268,43,24.9,33.0
2025-09-07T13:55:17.647000+00:00,9912,1268,1,24.5,37.0
2025-09-07T13:57:08.320000+00:00,9912,1268,44,23.9,38.0
2025-09-07T14:01:27.096000+00:00,9912,1268,23,24.7,41.0
2025-09-07T14:06:26.941000+00:00,9912,1268,81,23.6,45.0
2025-09-07T14:07:50.629000+00:00,9912,1268,4,27.4,46.0
2025-09-07T14:12:58.481000+00:00,9912,1268,10,25.0,49.0
2025-09-07T14:13:01.946000+00:00,9912,1268,18,38.4,49.0
2025-09-07T14:15:37.870000+00:00,9912,1268,31,30.7,51.0
2025-09-21T11:06:46.423000+00:00,9904,1269,31,20.6,1.0
2025-09-21T11:06:49.884000+00:00,9904,1269,23,20.7,1.0
2025-09-21T11:09:33.338000+00:00,9904,1269,31,20.7,2.0
2025-09-21T11:35:01.462000+00:00,9904,1269,23,20.4,15.0
2025-09-21T11:36:47.573000+00:00,9904,1269,43,21.0,16.0
2025-09-21T11:39:57.929000+00:00,9904,1269,12,20.6,18.0
2025-09-21T11:41:48.078000+00:00,9904,1269,16,20.5,19.0
2025-09-21T11:43:29.987000+00:00,9904,1269,30,20.2,20.0
2025-09-21T11:45:39.568000+00:00,9904,1269,14,25.7,21.0
2025-09-21T11:54:26.716000+00:00,9904,1269,5,20.8,26.0
2025-09-21T11:55:46.106000+00:00,9904,1269,55,20.5,27.0
2025-09-21T11:58:15.816000+00:00,9904,1269,87,21.1,28.0
2025-09-21T11:59:39.951000+00:00,9904,1269,6,20.2,29.0
2025-09-21T12:10:52.496000+00:00,9904,1269,10,21.5,35.0
2025-09-21T12:11:50.527000+00:00,9904,1269,44,20.0,36.0
2025-09-21T12:12:31.321000+00:00,9904,1269,27,19.9,36.0
2025-09-21T12:13:29.850000+00:00,9904,1269,4,21.9,37.0
2025-09-21T12:14:16.991000+00:00,9904,1269,18,21.8,37.0
2025-09-21T12:15:11.792000+00:00,9904,1269,22,20.3,38.0
2025-09-21T12:16:46.908000+00:00,9904,1269,63,19.8,39.0
2025-09-21T12:18:18.936000+00:00,9904,1269,1,20.2,40.0
2025-10-05T12:25:46.277000+00:00,9896,1270,22,24.6,13.0
2025-10-05T12:25:51.721000+00:00,9896,1270,5,32.8,13.0
2025-10-05T12:27:18.400000+00:00,9896,1270,43,24.0,14.0
2025-10-05T12:34:57.199000+00:00,9896,1270,1,24.0,19.0
2025-10-05T12:37:03.329000+00:00,9896,1270,6,23.8,20.0
2025-10-05T12:38:22.641000+00:00,9896,1270,16,23.6,21.0
2025-10-05T12:41:57.960000+00:00,9896,1270,87,23.9,23.0
2025-10-05T12:43:21.163000+00:00,9896,1270,44,24.7,24.0
2025-10-05T12:43:56.502000+00:00,9896,1270,10,25.5,24.0
2025-10-05T12:44:30.970000+00:00,9896,1270,63,23.9,25.0
2025-10-05T12:44:51.800000+00:00,9896,1270,12,23.8,25.0
2025-10-05T12:45:19.688000+00:00,9896,1270,27,24.1,25.0
2025-10-05T12:46:15.810000+00:00,9896,1270,4,23.3,26.0
2025-10-05T12:48:00.511000+00:00,9896,1270,81,26.6,27.0
2025-10-05T12:48:33.356000+00:00,9896,1270,14,30.7,27.0
2025-10-05T12:53:39.933000+00:00,9896,1270,31,25.0,30.0
2025-10-05T13:06:50.853000+00:00,9896,1270,18,24.0,38.0
2025-10-05T13:13:32.820000+00:00,9896,1270,23,25.7,42.0
2025-10-05T13:17:22.947000+00:00,9896,1270,27,31.8,44.0
2025-10-05T13:19:00.893000+00:00,9896,1270,44,23.3,46.0
2025-10-05T13:23:18.239000+00:00,9896,1270,30,24.0,48.0
2025-10-05T13:26:35.223000+00:00,9896,1270,55,24.0,50.0
2025-10-05T13:28:40.212000+00:00,9896,1270,10,25.1,51.0
2025-10-19T19:16:40.229000+00:00,9888,1271,23,23.7,7.0
2025-10-19T19:28:52.890000+00:00,9888,1271,5,25.5,14.0
2025-10-19T19:41:52.595000+00:00,9888,1271,16,23.7,22.0
2025-10-19T19:45:54.418000+00:00,9888,1271,31,25.0,24.0
2025-10-19T19:50:53.659000+00:00,9888,1271,10,26.6,27.0
2025-10-19T19:52:29.254000+00:00,9888,1271,18,24.1,28.0
2025-10-19T19:52:41.407000+00:00,9888,1271,6,23.8,28.0
2025-10-19T19:53:50.754000+00:00,9888,1271,22,24.5,29.0
2025-10-19T19:55:20.165000+00:00,9888,1271,81,23.4,30.0
2025-10-19T19:55:32.526000+00:00,9888,1271,87,24.1,30.0
2025-10-19T19:55:43.927000+00:00,9888,1271,14,24.0,30.0
2025-10-19T19:55:46.292000+00:00,9888,1271,30,23.6,30.0
2025-10-19T19:56:56.549000+00:00,9888,1271,44,23.9,31.0
2025-10-19T19:57:34.602000+00:00,9888,1271,12,23.9,31.0
2025-10-19T19:58:29.191000+00:00,9888,1271,4,24.5,32.0
2025-10-19T19:59:24.531000+00:00,9888,1271,43,24.0,32.0
2025-10-19T19:59:59.008000+00:00,9888,1271,1,23.9,33.0
2025-10-19T20:00:24.102000+00:00,9888,1271,63,23.5,33.0
2025-10-19T20:00:34.340000+00:00,9888,1271,27,23.7,33.0
2025-10-19T20:06:00.054000+00:00,9888,1271,23,24.5,36.0
2025-10-19T20:06:12.142000+00:00,9888,1271,5,24.0,36.0
2025-10-26T20:06:52.631000+00:00,9877,1272,30,34.2,2.0
2025-10-26T20:27:37.255000+00:00,9877,1272,55,22.5,17.0
2025-10-26T20:31:56.534000+00:00,9877,1272,14,26.8,20.0
2025-10-26T20:34:19.665000+00:00,9877,1272,12,22.4,22.0
2025-10-26T20:35:48.975000+00:00,9877,1272,44,33.3,23.0
2025-10-26T20:37:02.582000+00:00,9877,1272,87,22.6,24.0
2025-10-26T20:37:09.921000+00:00,9877,1272,81,23.2,24.0
2025-10-26T20:38:30.984000+00:00,9877,1272,63,22.3,25.0
2025-10-26T20:40:14.291000+00:00,9877,1272,18,22.0,26.0
2025-10-26T20:41:30.810000+00:00,9877,1272,31,23.2,27.0
2025-10-26T20:46:37.358000+00:00,9877,1272,16,22.2,31.0
2025-10-26T20:50:26.015000+00:00,9877,1272,10,22.8,33.0
2025-10-26T20:50:29.021000+00:00,9877,1272,4,22.5,34.0
2025-10-26T20:51:23.002000+00:00,9877,1272,6,22.1,34.0
2025-10-26T20:54:14.394000+00:00,9877,1272,22,31.6,36.0
2025-10-26T20:55:10.654000+00:00,9877,1272,1,22.7,37.0
2025-10-26T20:55:36.348000+00:00,9877,1272,5,22.4,37.0
2025-10-26T21:01:19.008000+00:00,9877,1272,23,22.0,41.0
2025-10-26T21:04:01.158000+00:00,9877,1272,18,23.7,43.0
2025-10-26T21:08:05.554000+00:00,9877,1272,55,30.5,46.0
2025-10-26T21:09:05.289000+00:00,9877,1272,81,22.1,47.0
2025-10-26T21:09:06.973000+00:00,9877,1272,12,24.5,47.0
2025-10-26T21:09:09.698000+00:00,9877,1272,44,23.3,47.0
2025-10-26T21:10:22.169000+00:00,9877,1272,87,22.1,48.0
2025-10-26T21:10:24.916000+00:00,9877,1272,63,22.4,48.0
2025-10-26T21:11:28.773000+00:00,9877,1272,43,22.7,48.0
2025-10-26T21:21:53.849000+00:00,9877,1272,55,17.9,56.0
2025-11-09T17:06:59.690000+00:00,9869,1273,22,22.9,2.0
2025-11-09T17:07:24.392000+00:00,9869,1273,44,40.0,2.0
2025-11-09T17:15:31.922000+00:00,9869,1273,1,23.1,7.0
2025-11-09T17:17:13.579000+00:00,9869,1273,31,24.2,8.0
2025-11-09T17:24:47.649000+00:00,9869,1273,44,23.4,14.0
2025-11-09T17:28:28.118000+00:00,9869,1273,87,23.7,17.0
2025-11-09T17:28:34.078000+00:00,9869,1273,55,26.0,17.0
2025-11-09T17:29:42.766000+00:00,9869,1273,6,23.7,18.0
2025-11-09T17:29:45.608000+00:00,9869,1273,10,23.6,18.0
2025-11-09T17:31:00.310000+00:00,9869,1273,30,22.8,19.0
2025-11-09T17:33:20.864000+00:00,9869,1273,12,23.3,21.0
2025-11-09T17:37:36.926000+00:00,9869,1273,22,34.1,24.0
2025-11-09T17:42:30.689000+00:00,9869,1273,14,23.9,28.0
2025-11-09T17:43:48.573000+00:00,9869,1273,43,23.7,29.0
2025-11-09T17:43:49.284000+00:00,9869,1273,18,23.7,29.0
2025-11-09T17:44:26.540000+00:00,9869,1273,4,23.4,30.0
2025-11-09T17:47:56.309000+00:00,9869,1273,44,30.7,32.0
2025-11-09T17:49:42.676000+00:00,9869,1273,63,23.3,34.0
2025-11-09T17:49:48.880000+00:00,9869,1273,1,23.0,34.0
2025-11-09T17:51:17.754000+00:00,9869,1273,23,23.0,35.0
2025-11-09T17:52:30.227000+00:00,9869,1273,27,23.0,36.0
2025-11-09T17:53:50.979000+00:00,9869,1273,6,23.4,37.0
2025-11-09T17:59:59.574000+00:00,9869,1273,87,24.6,42.0
2025-11-09T18:01:41.632000+00:00,9869,1273,43,26.1,43.0
2025-11-09T18:05:21.283000+00:00,9869,1273,14,23.5,46.0
2025-11-09T18:06:00.862000+00:00,9869,1273,12,23.4,47.0
2025-11-09T18:06:32.412000+00:00,9869,1273,31,24.1,47.0
2025-11-09T18:06:55.159000+00:00,9869,1273,22,33.8,47.0
2025-11-09T18:07:18.271000+00:00,9869,1273,63,23.1,48.0
2025-11-09T18:09:35.078000+00:00,9869,1273,4,23.2,50.0
2025-11-09T18:11:07.220000+00:00,9869,1273,81,23.1,51.0
2025-11-09T18:14:45.242000+00:00,9869,1273,1,23.3,54.0
2025-11-09T18:15:22.836000+00:00,9869,1273,18,22.9,54.0
2025-11-09T18:16:32.405000+00:00,9869,1273,23,23.1,55.0
2025-11-23T04:06:24.938000+00:00,9858,1274,22,21.3,1.0
2025-11-23T04:06:49.609000+00:00,9858,1274,5,33.2,1.0
2025-11-23T04:08:21.532000+00:00,9858,1274,12,21.9,2.0
2025-11-23T04:08:33.857000+00:00,9858,1274,10,23.9,2.0
2025-11-23T04:08:42.280000+00:00,9858,1274,30,32.7,2.0
2025-11-23T04:26:53.267000+00:00,9858,1274,23,23.3,13.0
2025-11-23T04:29:02.509000+00:00,9858,1274,23,30.0,14.0
2025-11-23T04:32:00.099000+00:00,9858,1274,14,21.0,16.0
2025-11-23T04:33:13.966000+00:00,9858,1274,63,20.9,17.0
2025-11-23T04:33:38.004000+00:00,9858,1274,87,21.4,17.0
2025-11-23T04:38:22.903000+00:00,9858,1274,6,21.3,20.0
2025-11-23T04:39:54.483000+00:00,9858,1274,81,21.3,21.0
2025-11-23T04:41:15.387000+00:00,9858,1274,4,21.0,22.0
2025-11-23T04:41:30.072000+00:00,9858,1274,55,21.1,22.0
2025-11-23T04:44:43.963000+00:00,9858,1274,16,21.3,24.0
2025-11-23T04:45:59.342000+00:00,9858,1274,1,21.7,25.0
2025-11-23T04:46:56.693000+00:00,9858,1274,43,22.8,25.0
2025-11-23T04:49:49.460000+00:00,9858,1274,31,22.3,27.0
2025-11-23T04:50:08.739000+00:00,9858,1274,22,20.6,27.0
2025-11-23T04:51:50.715000+00:00,9858,1274,30,21.2,28.0
2025-11-23T04:52:53.254000+00:00,9858,1274,44,21.6,29.0
2025-11-23T04:54:29.901000+00:00,9858,1274,27,22.3,30.0
2025-11-23T05:01:52.169000+00:00,9858,1274,23,29.3,34.0
2025-11-30T16:14:20.672000+00:00,9850,1275,1,29.9,7.0
2025-11-30T16:14:27.141000+00:00,9850,1275,55,28.5,7.0
2025-11-30T16:14:28.078000+00:00,9850,1275,12,32.0,7.0
2025-11-30T16:14:29.406000+00:00,9850,1275,14,28.2,7.0
2025-11-30T16:14:32.828000+00:00,9850,1275,6,28.8,7.0
2025-11-30T16:14:35.063000+00:00,9850,1275,63,33.2,7.0
2025-11-30T16:14:38.547000+00:00,9850,1275,16,30.3,7.0
2025-11-30T16:14:39.016000+00:00,9850,1275,87,28.8,7.0
2025-11-30T16:14:40.610000+00:00,9850,1275,30,28.9,7.0
2025-11-30T16:14:42.782000+00:00,9850,1275,22,29.1,7.0
2025-11-30T16:14:43.625000+00:00,9850,1275,23,28.8,7.0
2025-11-30T16:14:44.469000+00:00,9850,1275,44,32.1,7.0
2025-11-30T16:14:45.563000+00:00,9850,1275,5,28.4,7.0
2025-11-30T16:14:45.719000+00:00,9850,1275,18,28.1,7.0
2025-11-30T16:14:47.719000+00:00,9850,1275,43,29.5,7.0
2025-11-30T16:15:12.668000+00:00,9850,1275,10,31.3,7.0
2025-11-30T16:16:50.755000+00:00,9850,1275,31,34.0,8.0
2025-11-30T16:19:32.020000+00:00,9850,1275,31,34.5,9.0
2025-11-30T16:41:27.912000+00:00,9850,1275,81,29.0,24.0
2025-11-30T16:42:05.819000+00:00,9850,1275,18,28.0,24.0
2025-11-30T16:42:56.209000+00:00,9850,1275,4,27.9,25.0
2025-11-30T16:52:57.981000+00:00,9850,1275,1,28.1,32.0
2025-11-30T16:53:16.503000+00:00,9850,1275,55,28.1,32.0
2025-11-30T16:53:20.950000+00:00,9850,1275,12,28.5,32.0
2025-11-30T16:53:27.419000+00:00,9850,1275,14,28.9,32.0
2025-11-30T16:53:29.968000+00:00,9850,1275,6,27.9,32.0
2025-11-30T16:53:33.469000+00:00,9850,1275,63,29.0,32.0
2025-11-30T16:53:36.294000+00:00,9850,1275,16,28.9,32.0
2025-11-30T16:53:38.332000+00:00,9850,1275,30,28.0,32.0
2025-11-30T16:53:39.921000+00:00,9850,1275,22,28.3,32.0
2025-11-30T16:53:42.508000+00:00,9850,1275,23,29.4,32.0
2025-11-30T16:53:42.997000+00:00,9850,1275,44,28.5,32.0
2025-11-30T16:53:45.535000+00:00,9850,1275,5,28.2,32.0
2025-11-30T16:53:47.468000+00:00,9850,1275,43,28.9,32.0
2025-11-30T16:53:53.810000+00:00,9850,1275,87,45.2,32.0
2025-11-30T16:53:54.435000+00:00,9850,1275,10,30.5,32.0
2025-11-30T16:56:44.641000+00:00,9850,1275,31,30.4,34.0
2025-11-30T17:05:53.726000+00:00,9850,1275,87,37.5,40.0
2025-11-30T17:07:22.421000+00:00,9850,1275,81,27.8,42.0
2025-11-30T17:10:20.433000+00:00,9850,1275,4,28.2,44.0
2025-11-30T17:18:27.396000+00:00,9850,1275,18,35.6,49.0
2025-12-07T13:14:35.391000+00:00,9839,1276,27,21.6,7.0
2025-12-07T13:16:02.954000+00:00,9839,1276,44,21.6,8.0
2025-12-07T13:16:03.932000+00:00,9839,1276,23,21.5,8.0
2025-12-07T13:23:44.702000+00:00,9839,1276,10,22.5,13.0
2025-12-07T13:24:56.630000+00:00,9839,1276,63,21.9,14.0
2025-12-07T13:25:03.707000+00:00,9839,1276,6,21.9,14.0
2025-12-07T13:25:07.863000+00:00,9839,1276,87,22.2,14.0
2025-12-07T13:26:30.080000+00:00,9839,1276,5,22.1,15.0
2025-12-07T13:26:47.579000+00:00,9839,1276,43,21.9,15.0
2025-12-07T13:27:50.499000+00:00,9839,1276,4,21.3,16.0
2025-12-07T13:27:53.264000+00:00,9839,1276,16,21.6,16.0
2025-12-07T13:27:59.375000+00:00,9839,1276,14,23.2,16.0
2025-12-07T13:31:13.936000+00:00,9839,1276,55,21.7,18.0
2025-12-07T13:32:39.333000+00:00,9839,1276,31,22.2,19.0
2025-12-07T13:35:56.206000+00:00,9839,1276,30,28.3,21.0
2025-12-07T13:38:12.038000+00:00,9839,1276,1,21.7,23.0
2025-12-07T13:50:48.598000+00:00,9839,1276,44,21.4,31.0
2025-12-07T13:52:19.788000+00:00,9839,1276,22,27.0,32.0
2025-12-07T13:52:27.761000+00:00,9839,1276,12,22.1,32.0
2025-12-07T13:53:58.568000+00:00,9839,1276,23,21.4,33.0
2025-12-07T14:02:15.352000+00:00,9839,1276,16,20.9,39.0
2025-12-07T14:03:37.690000+00:00,9839,1276,4,21.4,40.0
2025-12-07T14:04:37.116000+00:00,9839,1276,10,22.2,40.0
2025-12-07T14:04:44.285000+00:00,9839,1276,43,22.9,40.0
2025-12-07T14:05:01.112000+00:00,9839,1276,81,21.5,41.0
2025-12-07T14:07:18.978000+00:00,9839,1276,18,21.5,42.0
2025-12-07T14:07:26.254000+00:00,9839,1276,27,21.4,42.0
